vehicle_id,customer_id,model,model_year,fuel_type,purchase_date,city,region,warranty_end_date
VEH-0001,CUST-0760,Stinger,2021,Petrol,2022-02-21,Hannover,North,2024-02-21
VEH-0002,CUST-0755,EV9,2019,Electric,2022-10-13,Leipzig,East,2024-10-12
VEH-0003,CUST-0605,Stinger,2022,Petrol,2022-06-28,Munich,South,2024-06-27
VEH-0004,CUST-0224,EV6,2020,Electric,2022-07-11,Hamburg,North,2024-07-10
VEH-0005,CUST-0575,Sorento,2020,Diesel,2022-02-24,Nuremberg,South,2024-02-24
VEH-0006,CUST-0226,Stinger,2022,Petrol,2024-05-09,Munich,South,2026-05-09
VEH-0007,CUST-0778,Sorento,2025,Diesel,2022-01-14,Cologne,West,2024-01-14
VEH-0008,CUST-0285,EV9,2020,Electric,2023-11-28,Frankfurt,Central,2025-11-27
VEH-0009,CUST-0095,EV9,2022,Electric,2022-07-29,Düsseldorf,West,2024-07-28
VEH-0010,CUST-0619,EV6,2021,Electric,2023-12-06,Düsseldorf,West,2025-12-05
VEH-0011,CUST-0550,Ceed,2019,Petrol,2024-07-29,Hamburg,North,2026-07-29
VEH-0012,CUST-0644,Sportage,2023,Petrol,2023-08-24,Hannover,North,2025-08-23
VEH-0013,CUST-0722,Ceed,2019,Petrol,2023-01-29,Düsseldorf,West,2025-01-28
VEH-0014,CUST-0082,EV6,2025,Electric,2023-08-16,Leipzig,East,2025-08-15
VEH-0015,CUST-0285,EV9,2022,Electric,2024-02-18,Hannover,North,2026-02-17
VEH-0016,CUST-0380,Stinger,2021,Petrol,2022-11-30,Düsseldorf,West,2024-11-29
VEH-0017,CUST-0624,EV9,2024,Electric,2022-05-27,Cologne,West,2024-05-26
VEH-0018,CUST-0168,EV9,2022,Electric,2023-05-17,Munich,South,2025-05-16
VEH-0019,CUST-0702,Sportage,2021,Petrol,2023-03-26,Cologne,West,2025-03-25
VEH-0020,CUST-0033,Ceed,2025,Petrol,2023-04-15,Hamburg,North,2025-04-14
VEH-0021,CUST-0068,Niro,2020,Hybrid,2023-07-03,Frankfurt,Central,2025-07-02
VEH-0022,CUST-0672,Sorento,2022,Diesel,2023-03-12,Düsseldorf,West,2025-03-11
VEH-0023,CUST-0272,Sportage,2020,Petrol,2022-10-20,Stuttgart,South,2024-10-19
VEH-0024,CUST-0765,EV9,2023,Electric,2023-06-23,Munich,South,2025-06-22
VEH-0025,CUST-0371,Sportage,2020,Petrol,2024-03-28,Nuremberg,South,2026-03-28
VEH-0026,CUST-0094,EV9,2025,Electric,2024-10-07,Munich,South,2026-10-07
VEH-0027,CUST-0643,EV6,2020,Electric,2022-11-10,Hannover,North,2024-11-09
VEH-0028,CUST-0395,Ceed,2022,Petrol,2022-05-11,Frankfurt,Central,2024-05-10
VEH-0029,CUST-0258,Sorento,2023,Diesel,2024-12-19,Stuttgart,South,2026-12-19
VEH-0030,CUST-0699,Ceed,2023,Petrol,2022-08-23,Hamburg,North,2024-08-22
VEH-0031,CUST-0115,Ceed,2021,Petrol,2023-11-28,Cologne,West,2025-11-27
VEH-0032,CUST-0004,Sportage,2024,Petrol,2024-07-18,Berlin,East,2026-07-18
VEH-0033,CUST-0781,Stinger,2020,Petrol,2024-10-22,Cologne,West,2026-10-22
VEH-0034,CUST-0655,Sorento,2023,Diesel,2023-09-04,Hannover,North,2025-09-03
VEH-0035,CUST-0383,Sorento,2025,Diesel,2022-11-10,Leipzig,East,2024-11-09
VEH-0036,CUST-0001,EV9,2023,Electric,2024-12-22,Munich,South,2026-12-22
VEH-0037,CUST-0115,Niro,2021,Hybrid,2022-02-09,Stuttgart,South,2024-02-09
VEH-0038,CUST-0060,Ceed,2020,Petrol,2023-05-06,Cologne,West,2025-05-05
VEH-0039,CUST-0750,Sorento,2022,Diesel,2022-06-25,Hannover,North,2024-06-24
VEH-0040,CUST-0785,Ceed,2020,Petrol,2024-12-26,Hannover,North,2026-12-26
VEH-0041,CUST-0272,EV9,2023,Electric,2022-12-05,Stuttgart,South,2024-12-04
VEH-0042,CUST-0217,Ceed,2023,Petrol,2024-05-16,Nuremberg,South,2026-05-16
VEH-0043,CUST-0409,Ceed,2024,Petrol,2023-10-01,Leipzig,East,2025-09-30
VEH-0044,CUST-0530,Stinger,2022,Petrol,2024-06-16,Düsseldorf,West,2026-06-16
VEH-0045,CUST-0066,EV6,2021,Electric,2023-04-06,Leipzig,East,2025-04-05
VEH-0046,CUST-0603,EV6,2020,Electric,2023-04-17,Nuremberg,South,2025-04-16
VEH-0047,CUST-0235,EV6,2019,Electric,2022-05-01,Hannover,North,2024-04-30
VEH-0048,CUST-0527,EV6,2020,Electric,2022-05-26,Düsseldorf,West,2024-05-25
VEH-0049,CUST-0553,Niro,2020,Hybrid,2023-03-15,Stuttgart,South,2025-03-14
VEH-0050,CUST-0249,Stinger,2025,Petrol,2024-08-26,Nuremberg,South,2026-08-26
VEH-0051,CUST-0097,Sportage,2019,Petrol,2023-01-25,Frankfurt,Central,2025-01-24
VEH-0052,CUST-0434,Stinger,2022,Petrol,2023-12-27,Frankfurt,Central,2025-12-26
VEH-0053,CUST-0063,Sportage,2022,Petrol,2022-07-21,Hamburg,North,2024-07-20
VEH-0054,CUST-0255,Stinger,2020,Petrol,2022-08-12,Düsseldorf,West,2024-08-11
VEH-0055,CUST-0144,EV9,2022,Electric,2024-07-07,Munich,South,2026-07-07
VEH-0056,CUST-0256,EV9,2025,Electric,2024-08-05,Cologne,West,2026-08-05
VEH-0057,CUST-0052,EV6,2024,Electric,2022-07-20,Stuttgart,South,2024-07-19
VEH-0058,CUST-0772,Sorento,2025,Diesel,2022-07-11,Hamburg,North,2024-07-10
VEH-0059,CUST-0498,EV9,2022,Electric,2024-04-12,Berlin,East,2026-04-12
VEH-0060,CUST-0169,EV9,2022,Electric,2022-05-01,Frankfurt,Central,2024-04-30
VEH-0061,CUST-0466,EV6,2021,Electric,2023-06-28,Frankfurt,Central,2025-06-27
VEH-0062,CUST-0159,Sportage,2020,Petrol,2024-09-23,Munich,South,2026-09-23
VEH-0063,CUST-0594,Niro,2024,Hybrid,2022-04-30,Leipzig,East,2024-04-29
VEH-0064,CUST-0059,Sorento,2019,Diesel,2023-10-05,Hamburg,North,2025-10-04
VEH-0065,CUST-0544,Sorento,2020,Diesel,2024-10-26,Stuttgart,South,2026-10-26
VEH-0066,CUST-0191,EV6,2019,Electric,2022-06-14,Munich,South,2024-06-13
VEH-0067,CUST-0414,Sorento,2019,Diesel,2023-04-27,Hannover,North,2025-04-26
VEH-0068,CUST-0635,Sorento,2019,Diesel,2022-03-23,Leipzig,East,2024-03-22
VEH-0069,CUST-0324,Sportage,2021,Petrol,2024-12-06,Nuremberg,South,2026-12-06
VEH-0070,CUST-0272,EV9,2022,Electric,2023-05-04,Düsseldorf,West,2025-05-03
VEH-0071,CUST-0324,EV9,2025,Electric,2024-07-25,Cologne,West,2026-07-25
VEH-0072,CUST-0637,EV6,2023,Electric,2024-07-27,Hamburg,North,2026-07-27
VEH-0073,CUST-0519,EV6,2021,Electric,2023-03-13,Hannover,North,2025-03-12
VEH-0074,CUST-0251,EV9,2021,Electric,2022-05-21,Düsseldorf,West,2024-05-20
VEH-0075,CUST-0557,Niro,2024,Hybrid,2024-06-16,Berlin,East,2026-06-16
VEH-0076,CUST-0009,Niro,2024,Hybrid,2024-12-19,Nuremberg,South,2026-12-19
VEH-0077,CUST-0680,Ceed,2019,Petrol,2023-09-06,Munich,South,2025-09-05
VEH-0078,CUST-0110,EV9,2024,Electric,2022-08-25,Cologne,West,2024-08-24
VEH-0079,CUST-0289,Sorento,2023,Diesel,2023-07-12,Berlin,East,2025-07-11
VEH-0080,CUST-0704,EV9,2024,Electric,2023-02-21,Düsseldorf,West,2025-02-20
VEH-0081,CUST-0501,Ceed,2021,Petrol,2024-11-01,Cologne,West,2026-11-01
VEH-0082,CUST-0650,Ceed,2022,Petrol,2022-07-09,Hamburg,North,2024-07-08
VEH-0083,CUST-0004,Ceed,2021,Petrol,2022-04-01,Cologne,West,2024-03-31
VEH-0084,CUST-0166,Ceed,2024,Petrol,2023-06-21,Berlin,East,2025-06-20
VEH-0085,CUST-0575,Sportage,2019,Petrol,2024-05-25,Munich,South,2026-05-25
VEH-0086,CUST-0559,EV6,2019,Electric,2022-11-02,Hannover,North,2024-11-01
VEH-0087,CUST-0441,Ceed,2020,Petrol,2022-10-31,Düsseldorf,West,2024-10-30
VEH-0088,CUST-0041,EV6,2021,Electric,2024-01-17,Cologne,West,2026-01-16
VEH-0089,CUST-0363,EV9,2025,Electric,2022-07-30,Leipzig,East,2024-07-29
VEH-0090,CUST-0243,Sorento,2025,Diesel,2022-11-13,Frankfurt,Central,2024-11-12
VEH-0091,CUST-0026,EV9,2020,Electric,2024-04-24,Berlin,East,2026-04-24
VEH-0092,CUST-0686,Stinger,2025,Petrol,2024-04-23,Düsseldorf,West,2026-04-23
VEH-0093,CUST-0164,Stinger,2025,Petrol,2023-07-01,Leipzig,East,2025-06-30
VEH-0094,CUST-0040,Stinger,2025,Petrol,2024-02-23,Hannover,North,2026-02-22
VEH-0095,CUST-0472,Sportage,2021,Petrol,2023-02-13,Leipzig,East,2025-02-12
VEH-0096,CUST-0025,Niro,2024,Hybrid,2023-04-02,Leipzig,East,2025-04-01
VEH-0097,CUST-0286,EV9,2025,Electric,2023-11-04,Frankfurt,Central,2025-11-03
VEH-0098,CUST-0657,EV6,2023,Electric,2023-12-21,Cologne,West,2025-12-20
VEH-0099,CUST-0029,Sportage,2019,Petrol,2023-11-10,Munich,South,2025-11-09
VEH-0100,CUST-0040,Niro,2019,Hybrid,2023-06-28,Berlin,East,2025-06-27
VEH-0101,CUST-0747,Sorento,2025,Diesel,2023-12-09,Frankfurt,Central,2025-12-08
VEH-0102,CUST-0119,Niro,2022,Hybrid,2024-11-13,Frankfurt,Central,2026-11-13
VEH-0103,CUST-0046,Sorento,2024,Diesel,2023-06-06,Leipzig,East,2025-06-05
VEH-0104,CUST-0552,Sportage,2024,Petrol,2024-11-30,Hamburg,North,2026-11-30
VEH-0105,CUST-0442,Stinger,2019,Petrol,2024-01-16,Leipzig,East,2026-01-15
VEH-0106,CUST-0680,Stinger,2025,Petrol,2023-10-05,Düsseldorf,West,2025-10-04
VEH-0107,CUST-0317,EV6,2024,Electric,2024-11-04,Cologne,West,2026-11-04
VEH-0108,CUST-0714,Sportage,2021,Petrol,2024-04-04,Düsseldorf,West,2026-04-04
VEH-0109,CUST-0431,Sorento,2024,Diesel,2023-01-28,Berlin,East,2025-01-27
VEH-0110,CUST-0416,Sportage,2023,Petrol,2023-09-09,Berlin,East,2025-09-08
VEH-0111,CUST-0294,Ceed,2020,Petrol,2023-09-15,Hamburg,North,2025-09-14
VEH-0112,CUST-0477,Sportage,2022,Petrol,2023-10-22,Nuremberg,South,2025-10-21
VEH-0113,CUST-0485,Sportage,2025,Petrol,2024-11-12,Leipzig,East,2026-11-12
VEH-0114,CUST-0291,Ceed,2023,Petrol,2022-06-23,Berlin,East,2024-06-22
VEH-0115,CUST-0096,Stinger,2025,Petrol,2023-11-18,Nuremberg,South,2025-11-17
VEH-0116,CUST-0231,Ceed,2025,Petrol,2023-09-28,Leipzig,East,2025-09-27
VEH-0117,CUST-0048,EV9,2020,Electric,2022-02-20,Berlin,East,2024-02-20
VEH-0118,CUST-0467,Sportage,2022,Petrol,2022-05-30,Nuremberg,South,2024-05-29
VEH-0119,CUST-0736,Stinger,2024,Petrol,2023-02-03,Nuremberg,South,2025-02-02
VEH-0120,CUST-0250,Sportage,2020,Petrol,2024-03-29,Stuttgart,South,2026-03-29
VEH-0121,CUST-0798,Stinger,2022,Petrol,2022-08-07,Hamburg,North,2024-08-06
VEH-0122,CUST-0476,EV9,2019,Electric,2024-11-26,Berlin,East,2026-11-26
VEH-0123,CUST-0468,Sorento,2020,Diesel,2022-09-06,Leipzig,East,2024-09-05
VEH-0124,CUST-0573,Ceed,2023,Petrol,2024-12-23,Stuttgart,South,2026-12-23
VEH-0125,CUST-0437,Niro,2025,Hybrid,2024-10-30,Stuttgart,South,2026-10-30
VEH-0126,CUST-0762,Sorento,2025,Diesel,2022-11-22,Stuttgart,South,2024-11-21
VEH-0127,CUST-0770,Sportage,2020,Petrol,2023-06-15,Stuttgart,South,2025-06-14
VEH-0128,CUST-0497,Ceed,2024,Petrol,2024-12-03,Cologne,West,2026-12-03
VEH-0129,CUST-0080,EV9,2024,Electric,2024-06-19,Cologne,West,2026-06-19
VEH-0130,CUST-0344,Niro,2021,Hybrid,2023-07-11,Leipzig,East,2025-07-10
VEH-0131,CUST-0155,Sorento,2020,Diesel,2022-10-11,Hannover,North,2024-10-10
VEH-0132,CUST-0066,Sportage,2022,Petrol,2023-03-15,Berlin,East,2025-03-14
VEH-0133,CUST-0426,Sportage,2019,Petrol,2024-08-12,Düsseldorf,West,2026-08-12
VEH-0134,CUST-0789,EV9,2023,Electric,2024-03-08,Frankfurt,Central,2026-03-08
VEH-0135,CUST-0489,Stinger,2019,Petrol,2024-02-19,Hamburg,North,2026-02-18
VEH-0136,CUST-0430,Niro,2023,Hybrid,2024-03-09,Cologne,West,2026-03-09
VEH-0137,CUST-0500,Stinger,2020,Petrol,2023-03-28,Munich,South,2025-03-27
VEH-0138,CUST-0030,Niro,2022,Hybrid,2024-09-21,Frankfurt,Central,2026-09-21
VEH-0139,CUST-0479,Niro,2020,Hybrid,2022-12-05,Frankfurt,Central,2024-12-04
VEH-0140,CUST-0404,Sorento,2023,Diesel,2022-02-25,Munich,South,2024-02-25
VEH-0141,CUST-0659,Sorento,2022,Diesel,2022-06-21,Hamburg,North,2024-06-20
VEH-0142,CUST-0052,EV9,2021,Electric,2023-01-08,Stuttgart,South,2025-01-07
VEH-0143,CUST-0466,Sportage,2021,Petrol,2023-03-10,Düsseldorf,West,2025-03-09
VEH-0144,CUST-0771,Niro,2025,Hybrid,2023-07-24,Frankfurt,Central,2025-07-23
VEH-0145,CUST-0482,Sportage,2019,Petrol,2022-06-17,Cologne,West,2024-06-16
VEH-0146,CUST-0359,Stinger,2020,Petrol,2022-04-17,Munich,South,2024-04-16
VEH-0147,CUST-0773,Stinger,2019,Petrol,2022-03-24,Hannover,North,2024-03-23
VEH-0148,CUST-0637,EV9,2020,Electric,2022-02-11,Leipzig,East,2024-02-11
VEH-0149,CUST-0686,EV9,2019,Electric,2024-08-27,Berlin,East,2026-08-27
VEH-0150,CUST-0717,Sorento,2021,Diesel,2024-08-10,Leipzig,East,2026-08-10
VEH-0151,CUST-0621,Ceed,2023,Petrol,2022-12-10,Düsseldorf,West,2024-12-09
VEH-0152,CUST-0319,Stinger,2019,Petrol,2022-12-02,Hannover,North,2024-12-01
VEH-0153,CUST-0590,Sorento,2024,Diesel,2023-10-01,Hamburg,North,2025-09-30
VEH-0154,CUST-0078,Sportage,2023,Petrol,2023-02-11,Frankfurt,Central,2025-02-10
VEH-0155,CUST-0714,Stinger,2025,Petrol,2022-07-28,Leipzig,East,2024-07-27
VEH-0156,CUST-0580,Niro,2025,Hybrid,2022-09-05,Nuremberg,South,2024-09-04
VEH-0157,CUST-0439,EV6,2024,Electric,2024-12-27,Düsseldorf,West,2026-12-27
VEH-0158,CUST-0664,Niro,2021,Hybrid,2024-11-02,Hannover,North,2026-11-02
VEH-0159,CUST-0109,EV6,2022,Electric,2024-09-30,Frankfurt,Central,2026-09-30
VEH-0160,CUST-0446,Niro,2020,Hybrid,2022-11-10,Stuttgart,South,2024-11-09
VEH-0161,CUST-0631,Stinger,2025,Petrol,2023-07-08,Munich,South,2025-07-07
VEH-0162,CUST-0447,Sorento,2025,Diesel,2024-08-10,Stuttgart,South,2026-08-10
VEH-0163,CUST-0331,Stinger,2025,Petrol,2023-07-04,Nuremberg,South,2025-07-03
VEH-0164,CUST-0462,EV9,2020,Electric,2023-07-26,Hannover,North,2025-07-25
VEH-0165,CUST-0345,Ceed,2019,Petrol,2024-02-16,Stuttgart,South,2026-02-15
VEH-0166,CUST-0500,Sportage,2020,Petrol,2023-01-08,Düsseldorf,West,2025-01-07
VEH-0167,CUST-0287,Niro,2023,Hybrid,2023-11-29,Cologne,West,2025-11-28
VEH-0168,CUST-0530,Stinger,2020,Petrol,2022-01-21,Cologne,West,2024-01-21
VEH-0169,CUST-0501,EV6,2023,Electric,2024-04-12,Leipzig,East,2026-04-12
VEH-0170,CUST-0662,Ceed,2024,Petrol,2024-09-02,Leipzig,East,2026-09-02
VEH-0171,CUST-0096,Sportage,2021,Petrol,2022-02-05,Stuttgart,South,2024-02-05
VEH-0172,CUST-0314,EV9,2024,Electric,2023-05-14,Frankfurt,Central,2025-05-13
VEH-0173,CUST-0567,Sorento,2023,Diesel,2024-08-27,Düsseldorf,West,2026-08-27
VEH-0174,CUST-0361,Niro,2024,Hybrid,2023-11-09,Frankfurt,Central,2025-11-08
VEH-0175,CUST-0258,Sportage,2020,Petrol,2023-09-20,Cologne,West,2025-09-19
VEH-0176,CUST-0123,EV6,2024,Electric,2023-10-09,Leipzig,East,2025-10-08
VEH-0177,CUST-0222,Sorento,2024,Diesel,2023-01-28,Berlin,East,2025-01-27
VEH-0178,CUST-0612,Sportage,2021,Petrol,2024-12-10,Cologne,West,2026-12-10
VEH-0179,CUST-0233,EV6,2021,Electric,2023-08-30,Leipzig,East,2025-08-29
VEH-0180,CUST-0726,EV9,2023,Electric,2022-01-29,Cologne,West,2024-01-29
VEH-0181,CUST-0056,EV9,2023,Electric,2022-04-04,Cologne,West,2024-04-03
VEH-0182,CUST-0106,Niro,2025,Hybrid,2024-10-02,Berlin,East,2026-10-02
VEH-0183,CUST-0481,EV6,2022,Electric,2023-08-06,Nuremberg,South,2025-08-05
VEH-0184,CUST-0053,Sportage,2021,Petrol,2023-01-13,Düsseldorf,West,2025-01-12
VEH-0185,CUST-0067,Ceed,2022,Petrol,2022-08-22,Stuttgart,South,2024-08-21
VEH-0186,CUST-0156,Sportage,2020,Petrol,2022-04-20,Hannover,North,2024-04-19
VEH-0187,CUST-0088,Ceed,2020,Petrol,2023-09-15,Nuremberg,South,2025-09-14
VEH-0188,CUST-0621,EV6,2023,Electric,2024-05-02,Munich,South,2026-05-02
VEH-0189,CUST-0795,Ceed,2023,Petrol,2023-04-08,Nuremberg,South,2025-04-07
VEH-0190,CUST-0305,Sportage,2025,Petrol,2024-06-25,Stuttgart,South,2026-06-25
VEH-0191,CUST-0583,Sorento,2023,Diesel,2023-09-18,Frankfurt,Central,2025-09-17
VEH-0192,CUST-0782,EV6,2020,Electric,2022-07-23,Nuremberg,South,2024-07-22
VEH-0193,CUST-0677,Stinger,2019,Petrol,2023-06-26,Leipzig,East,2025-06-25
VEH-0194,CUST-0566,EV9,2019,Electric,2022-12-22,Leipzig,East,2024-12-21
VEH-0195,CUST-0462,EV9,2024,Electric,2024-04-16,Hamburg,North,2026-04-16
VEH-0196,CUST-0034,Sorento,2020,Diesel,2023-08-20,Stuttgart,South,2025-08-19
VEH-0197,CUST-0073,Niro,2024,Hybrid,2024-07-18,Cologne,West,2026-07-18
VEH-0198,CUST-0436,EV9,2019,Electric,2023-02-10,Cologne,West,2025-02-09
VEH-0199,CUST-0273,Sorento,2025,Diesel,2022-11-02,Leipzig,East,2024-11-01
VEH-0200,CUST-0170,EV9,2025,Electric,2022-05-03,Hannover,North,2024-05-02
VEH-0201,CUST-0450,Niro,2019,Hybrid,2023-08-15,Nuremberg,South,2025-08-14
VEH-0202,CUST-0279,Sportage,2023,Petrol,2024-04-04,Cologne,West,2026-04-04
VEH-0203,CUST-0083,Sorento,2023,Diesel,2024-06-15,Stuttgart,South,2026-06-15
VEH-0204,CUST-0619,EV6,2021,Electric,2023-10-23,Frankfurt,Central,2025-10-22
VEH-0205,CUST-0691,EV6,2025,Electric,2023-04-14,Hannover,North,2025-04-13
VEH-0206,CUST-0784,Ceed,2024,Petrol,2022-02-12,Nuremberg,South,2024-02-12
VEH-0207,CUST-0782,Ceed,2025,Petrol,2022-03-24,Cologne,West,2024-03-23
VEH-0208,CUST-0668,EV9,2022,Electric,2024-11-28,Stuttgart,South,2026-11-28
VEH-0209,CUST-0651,Niro,2025,Hybrid,2024-06-11,Berlin,East,2026-06-11
VEH-0210,CUST-0357,Sportage,2022,Petrol,2024-08-20,Hannover,North,2026-08-20
VEH-0211,CUST-0165,Niro,2021,Hybrid,2022-08-03,Düsseldorf,West,2024-08-02
VEH-0212,CUST-0679,Sportage,2022,Petrol,2023-08-14,Stuttgart,South,2025-08-13
VEH-0213,CUST-0466,Ceed,2019,Petrol,2022-03-17,Munich,South,2024-03-16
VEH-0214,CUST-0119,Niro,2025,Hybrid,2023-10-25,Cologne,West,2025-10-24
VEH-0215,CUST-0674,Sportage,2025,Petrol,2022-01-03,Munich,South,2024-01-03
VEH-0216,CUST-0056,Sorento,2020,Diesel,2024-04-26,Stuttgart,South,2026-04-26
VEH-0217,CUST-0641,Sorento,2022,Diesel,2024-10-17,Düsseldorf,West,2026-10-17
VEH-0218,CUST-0274,Ceed,2023,Petrol,2023-02-21,Hamburg,North,2025-02-20
VEH-0219,CUST-0716,EV9,2022,Electric,2024-06-16,Cologne,West,2026-06-16
VEH-0220,CUST-0727,EV6,2020,Electric,2023-05-06,Hamburg,North,2025-05-05
VEH-0221,CUST-0566,Niro,2022,Hybrid,2022-01-29,Munich,South,2024-01-29
VEH-0222,CUST-0473,EV6,2019,Electric,2022-08-21,Leipzig,East,2024-08-20
VEH-0223,CUST-0734,Stinger,2021,Petrol,2024-10-17,Berlin,East,2026-10-17
VEH-0224,CUST-0495,Sorento,2022,Diesel,2024-04-30,Cologne,West,2026-04-30
VEH-0225,CUST-0393,EV9,2020,Electric,2022-10-24,Stuttgart,South,2024-10-23
VEH-0226,CUST-0072,Sorento,2021,Diesel,2022-10-07,Munich,South,2024-10-06
VEH-0227,CUST-0520,Ceed,2021,Petrol,2023-11-28,Frankfurt,Central,2025-11-27
VEH-0228,CUST-0744,Ceed,2021,Petrol,2023-08-03,Hamburg,North,2025-08-02
VEH-0229,CUST-0153,Ceed,2022,Petrol,2024-09-29,Nuremberg,South,2026-09-29
VEH-0230,CUST-0341,Sorento,2023,Diesel,2023-12-08,Stuttgart,South,2025-12-07
VEH-0231,CUST-0467,Ceed,2021,Petrol,2024-02-12,Munich,South,2026-02-11
VEH-0232,CUST-0586,Ceed,2022,Petrol,2023-05-05,Leipzig,East,2025-05-04
VEH-0233,CUST-0326,EV9,2024,Electric,2022-03-31,Frankfurt,Central,2024-03-30
VEH-0234,CUST-0680,Sportage,2025,Petrol,2024-03-01,Frankfurt,Central,2026-03-01
VEH-0235,CUST-0038,Ceed,2020,Petrol,2024-10-11,Berlin,East,2026-10-11
VEH-0236,CUST-0103,Sorento,2025,Diesel,2023-11-11,Nuremberg,South,2025-11-10
VEH-0237,CUST-0539,Ceed,2022,Petrol,2022-07-24,Stuttgart,South,2024-07-23
VEH-0238,CUST-0671,EV6,2020,Electric,2024-04-19,Berlin,East,2026-04-19
VEH-0239,CUST-0347,EV6,2023,Electric,2023-06-27,Stuttgart,South,2025-06-26
VEH-0240,CUST-0337,Stinger,2025,Petrol,2022-06-14,Frankfurt,Central,2024-06-13
VEH-0241,CUST-0325,Stinger,2024,Petrol,2024-02-18,Munich,South,2026-02-17
VEH-0242,CUST-0633,Stinger,2019,Petrol,2022-03-15,Stuttgart,South,2024-03-14
VEH-0243,CUST-0765,EV9,2019,Electric,2023-04-11,Cologne,West,2025-04-10
VEH-0244,CUST-0455,Sportage,2020,Petrol,2022-07-25,Hannover,North,2024-07-24
VEH-0245,CUST-0048,Stinger,2021,Petrol,2022-03-01,Cologne,West,2024-02-29
VEH-0246,CUST-0368,Ceed,2021,Petrol,2023-08-24,Hamburg,North,2025-08-23
VEH-0247,CUST-0544,Sportage,2022,Petrol,2023-05-16,Berlin,East,2025-05-15
VEH-0248,CUST-0180,Sorento,2019,Diesel,2022-12-15,Berlin,East,2024-12-14
VEH-0249,CUST-0510,Sorento,2023,Diesel,2023-05-09,Frankfurt,Central,2025-05-08
VEH-0250,CUST-0654,EV9,2021,Electric,2024-08-02,Leipzig,East,2026-08-02
VEH-0251,CUST-0477,Sportage,2021,Petrol,2022-01-20,Cologne,West,2024-01-20
VEH-0252,CUST-0076,Stinger,2022,Petrol,2022-11-20,Munich,South,2024-11-19
VEH-0253,CUST-0655,Niro,2022,Hybrid,2023-09-05,Nuremberg,South,2025-09-04
VEH-0254,CUST-0310,Stinger,2020,Petrol,2024-07-24,Cologne,West,2026-07-24
VEH-0255,CUST-0243,Sportage,2022,Petrol,2022-08-07,Stuttgart,South,2024-08-06
VEH-0256,CUST-0717,Sorento,2021,Diesel,2023-08-29,Düsseldorf,West,2025-08-28
VEH-0257,CUST-0009,EV6,2023,Electric,2023-07-17,Frankfurt,Central,2025-07-16
VEH-0258,CUST-0294,Ceed,2025,Petrol,2024-10-14,Hamburg,North,2026-10-14
VEH-0259,CUST-0225,Ceed,2024,Petrol,2023-12-23,Leipzig,East,2025-12-22
VEH-0260,CUST-0695,EV9,2025,Electric,2023-05-29,Nuremberg,South,2025-05-28
VEH-0261,CUST-0643,Stinger,2024,Petrol,2022-07-18,Berlin,East,2024-07-17
VEH-0262,CUST-0035,EV6,2023,Electric,2024-06-21,Cologne,West,2026-06-21
VEH-0263,CUST-0303,Niro,2021,Hybrid,2022-07-04,Berlin,East,2024-07-03
VEH-0264,CUST-0206,Stinger,2020,Petrol,2022-12-26,Frankfurt,Central,2024-12-25
VEH-0265,CUST-0544,Ceed,2023,Petrol,2024-01-20,Munich,South,2026-01-19
VEH-0266,CUST-0494,Niro,2025,Hybrid,2023-06-11,Berlin,East,2025-06-10
VEH-0267,CUST-0480,Niro,2019,Hybrid,2022-08-24,Düsseldorf,West,2024-08-23
VEH-0268,CUST-0571,EV9,2021,Electric,2024-03-24,Leipzig,East,2026-03-24
VEH-0269,CUST-0271,EV6,2023,Electric,2022-01-29,Frankfurt,Central,2024-01-29
VEH-0270,CUST-0689,EV6,2024,Electric,2024-01-25,Stuttgart,South,2026-01-24
VEH-0271,CUST-0654,Stinger,2021,Petrol,2024-02-20,Cologne,West,2026-02-19
VEH-0272,CUST-0026,EV6,2023,Electric,2024-08-23,Leipzig,East,2026-08-23
VEH-0273,CUST-0664,Sorento,2019,Diesel,2023-03-30,Düsseldorf,West,2025-03-29
VEH-0274,CUST-0665,Stinger,2022,Petrol,2023-09-11,Stuttgart,South,2025-09-10
VEH-0275,CUST-0039,EV6,2021,Electric,2022-04-03,Berlin,East,2024-04-02
VEH-0276,CUST-0241,Sportage,2023,Petrol,2022-07-19,Hannover,North,2024-07-18
VEH-0277,CUST-0380,EV9,2024,Electric,2024-07-18,Frankfurt,Central,2026-07-18
VEH-0278,CUST-0602,Stinger,2024,Petrol,2024-05-08,Munich,South,2026-05-08
VEH-0279,CUST-0671,Stinger,2019,Petrol,2024-04-29,Berlin,East,2026-04-29
VEH-0280,CUST-0287,Ceed,2019,Petrol,2024-04-15,Stuttgart,South,2026-04-15
VEH-0281,CUST-0455,Stinger,2022,Petrol,2023-03-21,Düsseldorf,West,2025-03-20
VEH-0282,CUST-0703,EV9,2021,Electric,2022-07-23,Düsseldorf,West,2024-07-22
VEH-0283,CUST-0408,Sorento,2021,Diesel,2022-05-05,Düsseldorf,West,2024-05-04
VEH-0284,CUST-0094,EV9,2024,Electric,2024-07-20,Hannover,North,2026-07-20
VEH-0285,CUST-0052,EV9,2025,Electric,2022-02-13,Nuremberg,South,2024-02-13
VEH-0286,CUST-0579,Niro,2020,Hybrid,2022-09-15,Leipzig,East,2024-09-14
VEH-0287,CUST-0601,EV6,2020,Electric,2023-03-01,Munich,South,2025-02-28
VEH-0288,CUST-0793,Ceed,2020,Petrol,2023-11-04,Leipzig,East,2025-11-03
VEH-0289,CUST-0284,Ceed,2025,Petrol,2022-01-06,Nuremberg,South,2024-01-06
VEH-0290,CUST-0179,EV9,2019,Electric,2023-05-29,Berlin,East,2025-05-28
VEH-0291,CUST-0016,Stinger,2021,Petrol,2022-09-27,Hamburg,North,2024-09-26
VEH-0292,CUST-0017,Ceed,2020,Petrol,2023-10-26,Leipzig,East,2025-10-25
VEH-0293,CUST-0760,Niro,2022,Hybrid,2022-09-17,Hamburg,North,2024-09-16
VEH-0294,CUST-0488,Sorento,2022,Diesel,2022-05-11,Hannover,North,2024-05-10
VEH-0295,CUST-0608,Ceed,2019,Petrol,2024-11-17,Düsseldorf,West,2026-11-17
VEH-0296,CUST-0630,Sportage,2019,Petrol,2023-03-30,Munich,South,2025-03-29
VEH-0297,CUST-0470,Stinger,2024,Petrol,2023-09-10,Munich,South,2025-09-09
VEH-0298,CUST-0412,EV6,2022,Electric,2024-09-07,Hamburg,North,2026-09-07
VEH-0299,CUST-0730,Stinger,2022,Petrol,2024-10-01,Hannover,North,2026-10-01
VEH-0300,CUST-0623,EV6,2020,Electric,2023-10-22,Hannover,North,2025-10-21
VEH-0301,CUST-0640,EV6,2024,Electric,2023-07-18,Berlin,East,2025-07-17
VEH-0302,CUST-0391,Sorento,2023,Diesel,2023-10-28,Munich,South,2025-10-27
VEH-0303,CUST-0518,Sorento,2023,Diesel,2024-07-18,Cologne,West,2026-07-18
VEH-0304,CUST-0671,Sportage,2024,Petrol,2022-08-23,Hannover,North,2024-08-22
VEH-0305,CUST-0441,Ceed,2022,Petrol,2023-03-17,Munich,South,2025-03-16
VEH-0306,CUST-0465,EV9,2022,Electric,2023-11-26,Frankfurt,Central,2025-11-25
VEH-0307,CUST-0438,Sportage,2021,Petrol,2023-10-03,Hannover,North,2025-10-02
VEH-0308,CUST-0157,Stinger,2024,Petrol,2024-02-06,Cologne,West,2026-02-05
VEH-0309,CUST-0088,Sportage,2019,Petrol,2022-07-06,Hannover,North,2024-07-05
VEH-0310,CUST-0134,Sportage,2023,Petrol,2024-02-03,Hannover,North,2026-02-02
VEH-0311,CUST-0687,EV6,2019,Electric,2023-11-07,Nuremberg,South,2025-11-06
VEH-0312,CUST-0739,Sportage,2019,Petrol,2024-05-16,Düsseldorf,West,2026-05-16
VEH-0313,CUST-0361,Niro,2019,Hybrid,2023-10-02,Nuremberg,South,2025-10-01
VEH-0314,CUST-0159,Sorento,2024,Diesel,2023-03-12,Munich,South,2025-03-11
VEH-0315,CUST-0359,Sportage,2025,Petrol,2022-08-10,Leipzig,East,2024-08-09
VEH-0316,CUST-0781,Sorento,2021,Diesel,2022-08-24,Düsseldorf,West,2024-08-23
VEH-0317,CUST-0575,Sorento,2025,Diesel,2024-05-28,Leipzig,East,2026-05-28
VEH-0318,CUST-0624,Ceed,2024,Petrol,2022-02-23,Nuremberg,South,2024-02-23
VEH-0319,CUST-0185,Ceed,2021,Petrol,2022-03-01,Cologne,West,2024-02-29
VEH-0320,CUST-0360,Stinger,2019,Petrol,2023-11-27,Cologne,West,2025-11-26
VEH-0321,CUST-0072,EV9,2020,Electric,2024-03-31,Berlin,East,2026-03-31
VEH-0322,CUST-0765,Stinger,2023,Petrol,2022-07-07,Hamburg,North,2024-07-06
VEH-0323,CUST-0465,EV9,2021,Electric,2024-05-09,Frankfurt,Central,2026-05-09
VEH-0324,CUST-0739,EV9,2021,Electric,2023-10-01,Düsseldorf,West,2025-09-30
VEH-0325,CUST-0054,Ceed,2020,Petrol,2022-06-23,Nuremberg,South,2024-06-22
VEH-0326,CUST-0691,EV9,2019,Electric,2022-04-12,Nuremberg,South,2024-04-11
VEH-0327,CUST-0498,Niro,2023,Hybrid,2024-05-18,Stuttgart,South,2026-05-18
VEH-0328,CUST-0221,Sportage,2025,Petrol,2023-07-14,Frankfurt,Central,2025-07-13
VEH-0329,CUST-0441,Sorento,2019,Diesel,2023-12-08,Hannover,North,2025-12-07
VEH-0330,CUST-0540,Niro,2024,Hybrid,2024-09-23,Nuremberg,South,2026-09-23
VEH-0331,CUST-0405,Niro,2023,Hybrid,2023-03-28,Hamburg,North,2025-03-27
VEH-0332,CUST-0309,EV6,2020,Electric,2023-02-23,Hamburg,North,2025-02-22
VEH-0333,CUST-0297,Ceed,2021,Petrol,2023-06-08,Berlin,East,2025-06-07
VEH-0334,CUST-0765,EV6,2022,Electric,2024-10-15,Hamburg,North,2026-10-15
VEH-0335,CUST-0546,EV9,2024,Electric,2024-02-18,Berlin,East,2026-02-17
VEH-0336,CUST-0074,EV9,2022,Electric,2023-12-27,Munich,South,2025-12-26
VEH-0337,CUST-0020,Ceed,2022,Petrol,2024-06-12,Hamburg,North,2026-06-12
VEH-0338,CUST-0588,EV6,2022,Electric,2024-05-29,Düsseldorf,West,2026-05-29
VEH-0339,CUST-0118,Stinger,2022,Petrol,2023-08-16,Frankfurt,Central,2025-08-15
VEH-0340,CUST-0633,EV6,2022,Electric,2022-12-18,Düsseldorf,West,2024-12-17
VEH-0341,CUST-0448,Ceed,2025,Petrol,2022-06-30,Düsseldorf,West,2024-06-29
VEH-0342,CUST-0604,EV6,2022,Electric,2024-06-11,Leipzig,East,2026-06-11
VEH-0343,CUST-0318,Sorento,2024,Diesel,2024-03-21,Hannover,North,2026-03-21
VEH-0344,CUST-0798,Niro,2020,Hybrid,2023-11-14,Leipzig,East,2025-11-13
VEH-0345,CUST-0544,EV6,2023,Electric,2022-08-22,Munich,South,2024-08-21
VEH-0346,CUST-0745,EV9,2025,Electric,2023-12-21,Düsseldorf,West,2025-12-20
VEH-0347,CUST-0106,Stinger,2020,Petrol,2023-04-29,Berlin,East,2025-04-28
VEH-0348,CUST-0617,Niro,2020,Hybrid,2022-12-22,Leipzig,East,2024-12-21
VEH-0349,CUST-0792,Ceed,2024,Petrol,2022-12-29,Hannover,North,2024-12-28
VEH-0350,CUST-0698,Sportage,2023,Petrol,2024-07-08,Stuttgart,South,2026-07-08
VEH-0351,CUST-0643,Stinger,2021,Petrol,2023-10-24,Nuremberg,South,2025-10-23
VEH-0352,CUST-0481,EV9,2022,Electric,2022-05-20,Stuttgart,South,2024-05-19
VEH-0353,CUST-0606,Stinger,2019,Petrol,2023-07-17,Cologne,West,2025-07-16
VEH-0354,CUST-0318,Niro,2022,Hybrid,2022-06-01,Munich,South,2024-05-31
VEH-0355,CUST-0378,Sportage,2025,Petrol,2022-04-27,Hamburg,North,2024-04-26
VEH-0356,CUST-0630,Niro,2023,Hybrid,2022-07-04,Hannover,North,2024-07-03
VEH-0357,CUST-0595,Sorento,2023,Diesel,2024-08-05,Frankfurt,Central,2026-08-05
VEH-0358,CUST-0586,Ceed,2024,Petrol,2024-07-10,Hamburg,North,2026-07-10
VEH-0359,CUST-0514,EV9,2020,Electric,2024-09-01,Düsseldorf,West,2026-09-01
VEH-0360,CUST-0352,EV6,2024,Electric,2022-07-31,Stuttgart,South,2024-07-30
VEH-0361,CUST-0041,EV6,2020,Electric,2022-12-20,Munich,South,2024-12-19
VEH-0362,CUST-0537,Stinger,2023,Petrol,2024-06-18,Stuttgart,South,2026-06-18
VEH-0363,CUST-0382,Sorento,2021,Diesel,2024-01-16,Berlin,East,2026-01-15
VEH-0364,CUST-0696,Sportage,2023,Petrol,2023-11-24,Frankfurt,Central,2025-11-23
VEH-0365,CUST-0338,EV6,2019,Electric,2022-05-15,Düsseldorf,West,2024-05-14
VEH-0366,CUST-0259,Sorento,2024,Diesel,2023-08-05,Frankfurt,Central,2025-08-04
VEH-0367,CUST-0342,Ceed,2019,Petrol,2022-11-04,Nuremberg,South,2024-11-03
VEH-0368,CUST-0318,Sorento,2024,Diesel,2023-12-18,Berlin,East,2025-12-17
VEH-0369,CUST-0610,Stinger,2024,Petrol,2022-09-22,Frankfurt,Central,2024-09-21
VEH-0370,CUST-0659,EV6,2025,Electric,2024-02-11,Cologne,West,2026-02-10
VEH-0371,CUST-0096,Niro,2024,Hybrid,2024-12-14,Berlin,East,2026-12-14
VEH-0372,CUST-0371,Stinger,2019,Petrol,2024-11-07,Frankfurt,Central,2026-11-07
VEH-0373,CUST-0220,Niro,2021,Hybrid,2023-01-05,Cologne,West,2025-01-04
VEH-0374,CUST-0232,Ceed,2020,Petrol,2023-01-29,Stuttgart,South,2025-01-28
VEH-0375,CUST-0104,EV9,2023,Electric,2023-08-29,Hannover,North,2025-08-28
VEH-0376,CUST-0039,Ceed,2024,Petrol,2024-12-14,Munich,South,2026-12-14
VEH-0377,CUST-0612,Niro,2022,Hybrid,2022-09-26,Nuremberg,South,2024-09-25
VEH-0378,CUST-0710,EV9,2025,Electric,2023-01-06,Berlin,East,2025-01-05
VEH-0379,CUST-0045,Sorento,2022,Diesel,2024-06-15,Berlin,East,2026-06-15
VEH-0380,CUST-0626,Niro,2021,Hybrid,2024-06-28,Leipzig,East,2026-06-28
VEH-0381,CUST-0547,Ceed,2020,Petrol,2023-04-25,Stuttgart,South,2025-04-24
VEH-0382,CUST-0377,Niro,2024,Hybrid,2023-02-02,Stuttgart,South,2025-02-01
VEH-0383,CUST-0788,Sorento,2021,Diesel,2024-08-03,Stuttgart,South,2026-08-03
VEH-0384,CUST-0541,Ceed,2022,Petrol,2024-10-26,Frankfurt,Central,2026-10-26
VEH-0385,CUST-0257,EV9,2019,Electric,2022-10-11,Leipzig,East,2024-10-10
VEH-0386,CUST-0568,Stinger,2019,Petrol,2024-01-31,Stuttgart,South,2026-01-30
VEH-0387,CUST-0292,Stinger,2019,Petrol,2022-09-13,Munich,South,2024-09-12
VEH-0388,CUST-0461,Ceed,2023,Petrol,2023-07-13,Berlin,East,2025-07-12
VEH-0389,CUST-0228,EV9,2025,Electric,2022-07-07,Frankfurt,Central,2024-07-06
VEH-0390,CUST-0425,Sportage,2019,Petrol,2022-02-24,Düsseldorf,West,2024-02-24
VEH-0391,CUST-0242,Sportage,2022,Petrol,2024-02-05,Munich,South,2026-02-04
VEH-0392,CUST-0029,EV6,2021,Electric,2023-04-05,Düsseldorf,West,2025-04-04
VEH-0393,CUST-0141,EV6,2019,Electric,2022-10-27,Düsseldorf,West,2024-10-26
VEH-0394,CUST-0778,Niro,2024,Hybrid,2022-10-12,Stuttgart,South,2024-10-11
VEH-0395,CUST-0082,Sportage,2019,Petrol,2022-01-11,Stuttgart,South,2024-01-11
VEH-0396,CUST-0562,Niro,2024,Hybrid,2022-11-03,Leipzig,East,2024-11-02
VEH-0397,CUST-0114,Sorento,2025,Diesel,2024-05-16,Munich,South,2026-05-16
VEH-0398,CUST-0125,Niro,2019,Hybrid,2023-09-09,Leipzig,East,2025-09-08
VEH-0399,CUST-0065,EV9,2019,Electric,2024-07-25,Frankfurt,Central,2026-07-25
VEH-0400,CUST-0648,Ceed,2023,Petrol,2022-02-03,Stuttgart,South,2024-02-03
VEH-0401,CUST-0299,Sorento,2022,Diesel,2022-10-22,Leipzig,East,2024-10-21
VEH-0402,CUST-0247,EV6,2023,Electric,2023-12-24,Nuremberg,South,2025-12-23
VEH-0403,CUST-0537,Sportage,2021,Petrol,2022-06-25,Berlin,East,2024-06-24
VEH-0404,CUST-0520,EV6,2023,Electric,2024-11-05,Munich,South,2026-11-05
VEH-0405,CUST-0045,EV6,2024,Electric,2024-08-20,Frankfurt,Central,2026-08-20
VEH-0406,CUST-0766,Sportage,2019,Petrol,2023-06-04,Düsseldorf,West,2025-06-03
VEH-0407,CUST-0247,Niro,2024,Hybrid,2023-12-08,Hannover,North,2025-12-07
VEH-0408,CUST-0137,Stinger,2019,Petrol,2023-11-12,Hannover,North,2025-11-11
VEH-0409,CUST-0659,Niro,2020,Hybrid,2023-11-25,Munich,South,2025-11-24
VEH-0410,CUST-0647,Ceed,2020,Petrol,2024-09-07,Stuttgart,South,2026-09-07
VEH-0411,CUST-0734,Ceed,2025,Petrol,2022-05-10,Berlin,East,2024-05-09
VEH-0412,CUST-0207,Sportage,2019,Petrol,2023-08-24,Hamburg,North,2025-08-23
VEH-0413,CUST-0324,Ceed,2021,Petrol,2022-03-27,Leipzig,East,2024-03-26
VEH-0414,CUST-0260,Sorento,2019,Diesel,2024-08-27,Frankfurt,Central,2026-08-27
VEH-0415,CUST-0366,Ceed,2025,Petrol,2023-08-09,Leipzig,East,2025-08-08
VEH-0416,CUST-0280,Ceed,2019,Petrol,2023-11-11,Hamburg,North,2025-11-10
VEH-0417,CUST-0410,Ceed,2024,Petrol,2024-06-13,Düsseldorf,West,2026-06-13
VEH-0418,CUST-0192,Sportage,2022,Petrol,2023-11-26,Frankfurt,Central,2025-11-25
VEH-0419,CUST-0532,Stinger,2021,Petrol,2024-01-23,Stuttgart,South,2026-01-22
VEH-0420,CUST-0081,Ceed,2022,Petrol,2024-05-19,Hannover,North,2026-05-19
VEH-0421,CUST-0329,Sorento,2019,Diesel,2023-08-25,Berlin,East,2025-08-24
VEH-0422,CUST-0314,EV6,2022,Electric,2023-08-29,Düsseldorf,West,2025-08-28
VEH-0423,CUST-0707,Sorento,2022,Diesel,2022-12-08,Frankfurt,Central,2024-12-07
VEH-0424,CUST-0745,Niro,2025,Hybrid,2022-03-28,Stuttgart,South,2024-03-27
VEH-0425,CUST-0282,Niro,2024,Hybrid,2024-06-09,Nuremberg,South,2026-06-09
VEH-0426,CUST-0688,Ceed,2024,Petrol,2022-06-03,Hamburg,North,2024-06-02
VEH-0427,CUST-0768,Sportage,2024,Petrol,2024-11-16,Düsseldorf,West,2026-11-16
VEH-0428,CUST-0623,EV9,2024,Electric,2022-10-20,Hamburg,North,2024-10-19
VEH-0429,CUST-0130,Ceed,2019,Petrol,2022-03-13,Stuttgart,South,2024-03-12
VEH-0430,CUST-0393,EV9,2023,Electric,2024-01-12,Düsseldorf,West,2026-01-11
VEH-0431,CUST-0696,EV6,2022,Electric,2022-11-11,Nuremberg,South,2024-11-10
VEH-0432,CUST-0782,Niro,2019,Hybrid,2024-06-28,Düsseldorf,West,2026-06-28
VEH-0433,CUST-0376,Sorento,2022,Diesel,2024-12-20,Berlin,East,2026-12-20
VEH-0434,CUST-0117,Niro,2019,Hybrid,2023-05-27,Cologne,West,2025-05-26
VEH-0435,CUST-0531,Stinger,2022,Petrol,2024-10-19,Berlin,East,2026-10-19
VEH-0436,CUST-0794,Sorento,2021,Diesel,2023-06-21,Hannover,North,2025-06-20
VEH-0437,CUST-0627,Stinger,2021,Petrol,2023-03-16,Stuttgart,South,2025-03-15
VEH-0438,CUST-0126,Stinger,2020,Petrol,2023-02-14,Stuttgart,South,2025-02-13
VEH-0439,CUST-0177,Ceed,2024,Petrol,2024-07-14,Hannover,North,2026-07-14
VEH-0440,CUST-0684,Sportage,2021,Petrol,2023-10-17,Hannover,North,2025-10-16
VEH-0441,CUST-0308,Stinger,2025,Petrol,2023-08-18,Hannover,North,2025-08-17
VEH-0442,CUST-0521,EV9,2020,Electric,2024-01-11,Berlin,East,2026-01-10
VEH-0443,CUST-0243,EV6,2025,Electric,2022-10-12,Leipzig,East,2024-10-11
VEH-0444,CUST-0568,Sportage,2023,Petrol,2024-01-10,Hamburg,North,2026-01-09
VEH-0445,CUST-0627,Niro,2019,Hybrid,2022-09-23,Stuttgart,South,2024-09-22
VEH-0446,CUST-0735,EV6,2024,Electric,2024-03-26,Cologne,West,2026-03-26
VEH-0447,CUST-0788,Sportage,2022,Petrol,2024-04-21,Munich,South,2026-04-21
VEH-0448,CUST-0129,Ceed,2021,Petrol,2022-06-01,Nuremberg,South,2024-05-31
VEH-0449,CUST-0478,Stinger,2024,Petrol,2024-07-10,Hannover,North,2026-07-10
VEH-0450,CUST-0799,Sorento,2023,Diesel,2022-09-20,Düsseldorf,West,2024-09-19
VEH-0451,CUST-0787,Stinger,2020,Petrol,2023-01-08,Nuremberg,South,2025-01-07
VEH-0452,CUST-0128,Sportage,2023,Petrol,2022-04-24,Munich,South,2024-04-23
VEH-0453,CUST-0166,EV9,2021,Electric,2022-12-04,Cologne,West,2024-12-03
VEH-0454,CUST-0532,Stinger,2021,Petrol,2023-12-10,Leipzig,East,2025-12-09
VEH-0455,CUST-0202,Ceed,2024,Petrol,2023-05-29,Hannover,North,2025-05-28
VEH-0456,CUST-0641,Sorento,2021,Diesel,2022-09-14,Cologne,West,2024-09-13
VEH-0457,CUST-0515,Sorento,2024,Diesel,2022-07-11,Munich,South,2024-07-10
VEH-0458,CUST-0176,EV9,2024,Electric,2022-11-12,Nuremberg,South,2024-11-11
VEH-0459,CUST-0578,Sorento,2019,Diesel,2023-11-23,Nuremberg,South,2025-11-22
VEH-0460,CUST-0047,Ceed,2024,Petrol,2022-06-16,Hamburg,North,2024-06-15
VEH-0461,CUST-0667,Ceed,2020,Petrol,2023-06-27,Nuremberg,South,2025-06-26
VEH-0462,CUST-0633,Ceed,2024,Petrol,2024-05-03,Nuremberg,South,2026-05-03
VEH-0463,CUST-0658,EV6,2021,Electric,2023-08-17,Stuttgart,South,2025-08-16
VEH-0464,CUST-0305,Sportage,2022,Petrol,2024-04-11,Leipzig,East,2026-04-11
VEH-0465,CUST-0451,EV6,2022,Electric,2022-11-20,Hamburg,North,2024-11-19
VEH-0466,CUST-0349,Sportage,2023,Petrol,2023-02-22,Stuttgart,South,2025-02-21
VEH-0467,CUST-0752,EV9,2025,Electric,2023-10-16,Düsseldorf,West,2025-10-15
VEH-0468,CUST-0779,Niro,2021,Hybrid,2022-09-25,Frankfurt,Central,2024-09-24
VEH-0469,CUST-0327,Sorento,2020,Diesel,2022-08-06,Munich,South,2024-08-05
VEH-0470,CUST-0461,Sportage,2020,Petrol,2023-07-02,Hannover,North,2025-07-01
VEH-0471,CUST-0298,EV9,2022,Electric,2022-04-14,Hannover,North,2024-04-13
VEH-0472,CUST-0255,Ceed,2025,Petrol,2024-05-06,Nuremberg,South,2026-05-06
VEH-0473,CUST-0195,EV9,2025,Electric,2023-10-03,Düsseldorf,West,2025-10-02
VEH-0474,CUST-0479,EV9,2022,Electric,2024-11-20,Stuttgart,South,2026-11-20
VEH-0475,CUST-0093,Niro,2022,Hybrid,2022-02-17,Stuttgart,South,2024-02-17
VEH-0476,CUST-0221,Sorento,2023,Diesel,2023-05-09,Stuttgart,South,2025-05-08
VEH-0477,CUST-0289,Niro,2022,Hybrid,2022-04-14,Hamburg,North,2024-04-13
VEH-0478,CUST-0550,Sorento,2019,Diesel,2023-08-09,Stuttgart,South,2025-08-08
VEH-0479,CUST-0138,Ceed,2021,Petrol,2024-06-01,Hannover,North,2026-06-01
VEH-0480,CUST-0375,Stinger,2019,Petrol,2024-04-05,Düsseldorf,West,2026-04-05
VEH-0481,CUST-0372,Sportage,2023,Petrol,2023-02-03,Hamburg,North,2025-02-02
VEH-0482,CUST-0517,Niro,2022,Hybrid,2024-03-02,Hannover,North,2026-03-02
VEH-0483,CUST-0639,Ceed,2024,Petrol,2023-07-27,Munich,South,2025-07-26
VEH-0484,CUST-0100,Sorento,2022,Diesel,2022-09-21,Hannover,North,2024-09-20
VEH-0485,CUST-0774,Niro,2020,Hybrid,2024-01-19,Düsseldorf,West,2026-01-18
VEH-0486,CUST-0412,EV9,2023,Electric,2024-11-08,Nuremberg,South,2026-11-08
VEH-0487,CUST-0141,EV6,2024,Electric,2022-03-21,Hamburg,North,2024-03-20
VEH-0488,CUST-0468,Niro,2020,Hybrid,2024-11-29,Stuttgart,South,2026-11-29
VEH-0489,CUST-0336,Sorento,2023,Diesel,2022-10-14,Munich,South,2024-10-13
VEH-0490,CUST-0632,Niro,2024,Hybrid,2024-03-15,Berlin,East,2026-03-15
VEH-0491,CUST-0520,Ceed,2025,Petrol,2023-11-20,Cologne,West,2025-11-19
VEH-0492,CUST-0726,Sorento,2023,Diesel,2024-09-30,Munich,South,2026-09-30
VEH-0493,CUST-0378,Niro,2021,Hybrid,2022-02-04,Stuttgart,South,2024-02-04
VEH-0494,CUST-0598,Stinger,2021,Petrol,2024-05-03,Hannover,North,2026-05-03
VEH-0495,CUST-0272,Ceed,2024,Petrol,2024-08-29,Hamburg,North,2026-08-29
VEH-0496,CUST-0739,Ceed,2019,Petrol,2023-04-12,Nuremberg,South,2025-04-11
VEH-0497,CUST-0537,Sorento,2024,Diesel,2022-12-16,Stuttgart,South,2024-12-15
VEH-0498,CUST-0152,Stinger,2025,Petrol,2024-02-18,Nuremberg,South,2026-02-17
VEH-0499,CUST-0587,Stinger,2024,Petrol,2022-03-06,Leipzig,East,2024-03-05
VEH-0500,CUST-0452,EV6,2021,Electric,2022-02-08,Leipzig,East,2024-02-08
VEH-0501,CUST-0708,Sportage,2020,Petrol,2024-04-25,Berlin,East,2026-04-25
VEH-0502,CUST-0754,Sportage,2024,Petrol,2024-08-23,Munich,South,2026-08-23
VEH-0503,CUST-0213,EV6,2023,Electric,2024-11-28,Berlin,East,2026-11-28
VEH-0504,CUST-0386,Niro,2021,Hybrid,2024-12-12,Stuttgart,South,2026-12-12
VEH-0505,CUST-0351,EV9,2023,Electric,2024-12-27,Stuttgart,South,2026-12-27
VEH-0506,CUST-0197,Niro,2020,Hybrid,2024-09-18,Cologne,West,2026-09-18
VEH-0507,CUST-0231,Niro,2021,Hybrid,2023-09-04,Munich,South,2025-09-03
VEH-0508,CUST-0707,Ceed,2024,Petrol,2023-03-01,Cologne,West,2025-02-28
VEH-0509,CUST-0358,Sportage,2023,Petrol,2024-09-09,Düsseldorf,West,2026-09-09
VEH-0510,CUST-0125,Ceed,2023,Petrol,2023-08-13,Cologne,West,2025-08-12
VEH-0511,CUST-0405,Stinger,2025,Petrol,2024-02-17,Munich,South,2026-02-16
VEH-0512,CUST-0044,Niro,2021,Hybrid,2023-08-18,Berlin,East,2025-08-17
VEH-0513,CUST-0453,Stinger,2024,Petrol,2023-12-11,Hannover,North,2025-12-10
VEH-0514,CUST-0207,Niro,2025,Hybrid,2023-03-15,Stuttgart,South,2025-03-14
VEH-0515,CUST-0141,Sorento,2019,Diesel,2023-07-11,Cologne,West,2025-07-10
VEH-0516,CUST-0249,Sorento,2019,Diesel,2023-05-06,Nuremberg,South,2025-05-05
VEH-0517,CUST-0654,Stinger,2020,Petrol,2023-04-08,Munich,South,2025-04-07
VEH-0518,CUST-0339,EV6,2024,Electric,2024-04-26,Hannover,North,2026-04-26
VEH-0519,CUST-0006,Sportage,2023,Petrol,2022-10-09,Hannover,North,2024-10-08
VEH-0520,CUST-0489,EV9,2024,Electric,2024-09-01,Frankfurt,Central,2026-09-01
VEH-0521,CUST-0293,EV9,2024,Electric,2023-10-20,Cologne,West,2025-10-19
VEH-0522,CUST-0548,EV6,2024,Electric,2023-04-21,Hannover,North,2025-04-20
VEH-0523,CUST-0428,Stinger,2025,Petrol,2022-12-25,Hamburg,North,2024-12-24
VEH-0524,CUST-0508,EV9,2020,Electric,2024-03-24,Hamburg,North,2026-03-24
VEH-0525,CUST-0010,Stinger,2021,Petrol,2022-03-18,Cologne,West,2024-03-17
VEH-0526,CUST-0344,Sorento,2021,Diesel,2022-08-08,Nuremberg,South,2024-08-07
VEH-0527,CUST-0506,Sportage,2020,Petrol,2024-12-09,Munich,South,2026-12-09
VEH-0528,CUST-0280,Ceed,2020,Petrol,2024-08-16,Munich,South,2026-08-16
VEH-0529,CUST-0167,Ceed,2024,Petrol,2023-11-09,Hannover,North,2025-11-08
VEH-0530,CUST-0015,Sportage,2024,Petrol,2023-01-17,Cologne,West,2025-01-16
VEH-0531,CUST-0180,Niro,2023,Hybrid,2023-01-31,Cologne,West,2025-01-30
VEH-0532,CUST-0528,Ceed,2021,Petrol,2024-05-25,Frankfurt,Central,2026-05-25
VEH-0533,CUST-0190,EV6,2020,Electric,2022-07-15,Frankfurt,Central,2024-07-14
VEH-0534,CUST-0007,Sportage,2021,Petrol,2023-05-24,Düsseldorf,West,2025-05-23
VEH-0535,CUST-0772,Sportage,2021,Petrol,2024-07-03,Leipzig,East,2026-07-03
VEH-0536,CUST-0268,Niro,2024,Hybrid,2022-01-24,Cologne,West,2024-01-24
VEH-0537,CUST-0684,Niro,2019,Hybrid,2022-05-08,Leipzig,East,2024-05-07
VEH-0538,CUST-0416,Sportage,2024,Petrol,2022-11-24,Cologne,West,2024-11-23
VEH-0539,CUST-0655,Sorento,2021,Diesel,2022-08-29,Cologne,West,2024-08-28
VEH-0540,CUST-0225,Niro,2020,Hybrid,2023-03-29,Nuremberg,South,2025-03-28
VEH-0541,CUST-0766,Sportage,2023,Petrol,2024-07-20,Berlin,East,2026-07-20
VEH-0542,CUST-0776,Niro,2023,Hybrid,2024-08-22,Frankfurt,Central,2026-08-22
VEH-0543,CUST-0697,Ceed,2025,Petrol,2023-05-22,Leipzig,East,2025-05-21
VEH-0544,CUST-0458,Sorento,2023,Diesel,2024-12-12,Hannover,North,2026-12-12
VEH-0545,CUST-0578,Stinger,2019,Petrol,2022-06-09,Düsseldorf,West,2024-06-08
VEH-0546,CUST-0208,EV6,2023,Electric,2024-11-01,Munich,South,2026-11-01
VEH-0547,CUST-0336,Sorento,2025,Diesel,2022-12-03,Berlin,East,2024-12-02
VEH-0548,CUST-0697,Sorento,2020,Diesel,2022-08-27,Stuttgart,South,2024-08-26
VEH-0549,CUST-0094,Stinger,2023,Petrol,2024-09-28,Nuremberg,South,2026-09-28
VEH-0550,CUST-0136,Sportage,2023,Petrol,2024-07-17,Hamburg,North,2026-07-17
VEH-0551,CUST-0573,Sportage,2022,Petrol,2022-04-29,Stuttgart,South,2024-04-28
VEH-0552,CUST-0406,Stinger,2021,Petrol,2022-02-14,Cologne,West,2024-02-14
VEH-0553,CUST-0593,Ceed,2019,Petrol,2023-03-23,Hamburg,North,2025-03-22
VEH-0554,CUST-0718,EV6,2019,Electric,2023-12-07,Frankfurt,Central,2025-12-06
VEH-0555,CUST-0484,Sorento,2019,Diesel,2022-05-22,Hamburg,North,2024-05-21
VEH-0556,CUST-0788,Niro,2020,Hybrid,2023-01-04,Frankfurt,Central,2025-01-03
VEH-0557,CUST-0392,Ceed,2022,Petrol,2024-02-06,Frankfurt,Central,2026-02-05
VEH-0558,CUST-0083,Ceed,2024,Petrol,2024-02-09,Frankfurt,Central,2026-02-08
VEH-0559,CUST-0670,Stinger,2025,Petrol,2022-09-30,Munich,South,2024-09-29
VEH-0560,CUST-0551,Niro,2022,Hybrid,2023-01-01,Hannover,North,2024-12-31
VEH-0561,CUST-0004,Sorento,2025,Diesel,2023-04-02,Berlin,East,2025-04-01
VEH-0562,CUST-0690,EV6,2024,Electric,2024-08-06,Cologne,West,2026-08-06
VEH-0563,CUST-0389,Sorento,2025,Diesel,2024-12-25,Frankfurt,Central,2026-12-25
VEH-0564,CUST-0355,EV9,2020,Electric,2024-08-01,Leipzig,East,2026-08-01
VEH-0565,CUST-0033,Niro,2025,Hybrid,2022-08-20,Leipzig,East,2024-08-19
VEH-0566,CUST-0247,Stinger,2020,Petrol,2022-02-02,Frankfurt,Central,2024-02-02
VEH-0567,CUST-0458,EV6,2023,Electric,2022-03-10,Hannover,North,2024-03-09
VEH-0568,CUST-0759,Stinger,2019,Petrol,2023-05-17,Hamburg,North,2025-05-16
VEH-0569,CUST-0553,Sportage,2020,Petrol,2023-04-25,Stuttgart,South,2025-04-24
VEH-0570,CUST-0516,Ceed,2021,Petrol,2022-10-14,Hamburg,North,2024-10-13
VEH-0571,CUST-0592,EV9,2023,Electric,2023-10-16,Nuremberg,South,2025-10-15
VEH-0572,CUST-0310,Ceed,2020,Petrol,2023-05-01,Düsseldorf,West,2025-04-30
VEH-0573,CUST-0424,Stinger,2021,Petrol,2023-03-29,Munich,South,2025-03-28
VEH-0574,CUST-0642,Niro,2024,Hybrid,2022-12-25,Hamburg,North,2024-12-24
VEH-0575,CUST-0049,Sportage,2021,Petrol,2024-10-12,Munich,South,2026-10-12
VEH-0576,CUST-0327,Stinger,2024,Petrol,2024-12-10,Frankfurt,Central,2026-12-10
VEH-0577,CUST-0308,Sportage,2022,Petrol,2022-11-02,Frankfurt,Central,2024-11-01
VEH-0578,CUST-0247,EV9,2025,Electric,2024-08-27,Munich,South,2026-08-27
VEH-0579,CUST-0475,EV9,2019,Electric,2022-10-23,Cologne,West,2024-10-22
VEH-0580,CUST-0571,Sorento,2023,Diesel,2024-05-03,Frankfurt,Central,2026-05-03
VEH-0581,CUST-0262,EV9,2020,Electric,2023-05-13,Frankfurt,Central,2025-05-12
VEH-0582,CUST-0380,Niro,2019,Hybrid,2024-07-10,Hannover,North,2026-07-10
VEH-0583,CUST-0275,Sorento,2022,Diesel,2022-04-16,Leipzig,East,2024-04-15
VEH-0584,CUST-0075,Stinger,2020,Petrol,2022-03-22,Nuremberg,South,2024-03-21
VEH-0585,CUST-0491,Ceed,2020,Petrol,2023-03-21,Nuremberg,South,2025-03-20
VEH-0586,CUST-0016,Ceed,2020,Petrol,2023-09-13,Düsseldorf,West,2025-09-12
VEH-0587,CUST-0249,EV9,2024,Electric,2024-09-07,Hannover,North,2026-09-07
VEH-0588,CUST-0246,Sorento,2023,Diesel,2024-03-23,Leipzig,East,2026-03-23
VEH-0589,CUST-0478,Niro,2023,Hybrid,2024-02-19,Cologne,West,2026-02-18
VEH-0590,CUST-0268,Stinger,2021,Petrol,2023-09-24,Düsseldorf,West,2025-09-23
VEH-0591,CUST-0101,Sorento,2025,Diesel,2024-08-12,Stuttgart,South,2026-08-12
VEH-0592,CUST-0209,Stinger,2021,Petrol,2023-10-18,Stuttgart,South,2025-10-17
VEH-0593,CUST-0577,Niro,2025,Hybrid,2022-04-04,Frankfurt,Central,2024-04-03
VEH-0594,CUST-0268,EV9,2023,Electric,2022-02-03,Berlin,East,2024-02-03
VEH-0595,CUST-0303,Sorento,2020,Diesel,2024-05-05,Nuremberg,South,2026-05-05
VEH-0596,CUST-0389,EV9,2023,Electric,2023-04-17,Düsseldorf,West,2025-04-16
VEH-0597,CUST-0564,Ceed,2024,Petrol,2024-10-19,Leipzig,East,2026-10-19
VEH-0598,CUST-0782,Stinger,2025,Petrol,2023-06-12,Düsseldorf,West,2025-06-11
VEH-0599,CUST-0173,Sportage,2024,Petrol,2024-08-01,Stuttgart,South,2026-08-01
VEH-0600,CUST-0144,Ceed,2024,Petrol,2022-12-13,Düsseldorf,West,2024-12-12
VEH-0601,CUST-0556,Sorento,2024,Diesel,2023-01-12,Stuttgart,South,2025-01-11
VEH-0602,CUST-0077,EV6,2025,Electric,2022-03-11,Munich,South,2024-03-10
VEH-0603,CUST-0423,Stinger,2020,Petrol,2022-01-14,Hamburg,North,2024-01-14
VEH-0604,CUST-0725,Ceed,2020,Petrol,2022-05-20,Leipzig,East,2024-05-19
VEH-0605,CUST-0467,EV6,2021,Electric,2024-11-01,Leipzig,East,2026-11-01
VEH-0606,CUST-0676,EV6,2022,Electric,2024-09-16,Nuremberg,South,2026-09-16
VEH-0607,CUST-0565,EV6,2022,Electric,2024-12-25,Hamburg,North,2026-12-25
VEH-0608,CUST-0740,EV6,2021,Electric,2024-12-20,Hamburg,North,2026-12-20
VEH-0609,CUST-0515,Sorento,2025,Diesel,2022-02-05,Cologne,West,2024-02-05
VEH-0610,CUST-0110,Stinger,2019,Petrol,2023-01-03,Frankfurt,Central,2025-01-02
VEH-0611,CUST-0197,Sorento,2023,Diesel,2023-05-09,Berlin,East,2025-05-08
VEH-0612,CUST-0274,Sorento,2025,Diesel,2023-12-27,Cologne,West,2025-12-26
VEH-0613,CUST-0416,Sportage,2022,Petrol,2024-02-04,Hannover,North,2026-02-03
VEH-0614,CUST-0308,Sorento,2024,Diesel,2023-04-08,Leipzig,East,2025-04-07
VEH-0615,CUST-0096,Ceed,2022,Petrol,2022-03-06,Hannover,North,2024-03-05
VEH-0616,CUST-0058,Sportage,2024,Petrol,2024-09-01,Frankfurt,Central,2026-09-01
VEH-0617,CUST-0512,EV6,2025,Electric,2022-06-19,Berlin,East,2024-06-18
VEH-0618,CUST-0541,Sportage,2019,Petrol,2022-07-15,Düsseldorf,West,2024-07-14
VEH-0619,CUST-0278,EV9,2019,Electric,2024-08-31,Leipzig,East,2026-08-31
VEH-0620,CUST-0184,EV6,2025,Electric,2022-03-09,Cologne,West,2024-03-08
VEH-0621,CUST-0602,Niro,2020,Hybrid,2023-03-01,Hamburg,North,2025-02-28
VEH-0622,CUST-0307,Ceed,2020,Petrol,2022-06-07,Frankfurt,Central,2024-06-06
VEH-0623,CUST-0694,Sorento,2023,Diesel,2024-03-07,Leipzig,East,2026-03-07
VEH-0624,CUST-0706,Niro,2024,Hybrid,2022-10-14,Frankfurt,Central,2024-10-13
VEH-0625,CUST-0055,EV6,2019,Electric,2023-12-10,Munich,South,2025-12-09
VEH-0626,CUST-0349,Sportage,2023,Petrol,2022-06-05,Leipzig,East,2024-06-04
VEH-0627,CUST-0793,Ceed,2021,Petrol,2024-03-23,Nuremberg,South,2026-03-23
VEH-0628,CUST-0503,EV6,2020,Electric,2024-07-11,Cologne,West,2026-07-11
VEH-0629,CUST-0443,Niro,2020,Hybrid,2024-02-08,Munich,South,2026-02-07
VEH-0630,CUST-0088,Stinger,2025,Petrol,2024-02-18,Nuremberg,South,2026-02-17
VEH-0631,CUST-0731,Sorento,2019,Diesel,2023-05-20,Cologne,West,2025-05-19
VEH-0632,CUST-0390,EV6,2024,Electric,2022-11-12,Cologne,West,2024-11-11
VEH-0633,CUST-0325,Ceed,2021,Petrol,2024-03-08,Berlin,East,2026-03-08
VEH-0634,CUST-0316,EV6,2022,Electric,2022-01-11,Hannover,North,2024-01-11
VEH-0635,CUST-0136,Niro,2019,Hybrid,2022-07-29,Cologne,West,2024-07-28
VEH-0636,CUST-0571,EV9,2023,Electric,2024-07-08,Frankfurt,Central,2026-07-08
VEH-0637,CUST-0027,Sorento,2019,Diesel,2022-07-31,Frankfurt,Central,2024-07-30
VEH-0638,CUST-0612,Niro,2023,Hybrid,2022-07-10,Munich,South,2024-07-09
VEH-0639,CUST-0013,Ceed,2021,Petrol,2024-02-28,Düsseldorf,West,2026-02-27
VEH-0640,CUST-0743,Sportage,2023,Petrol,2022-06-23,Frankfurt,Central,2024-06-22
VEH-0641,CUST-0174,EV9,2024,Electric,2024-12-03,Nuremberg,South,2026-12-03
VEH-0642,CUST-0276,Sportage,2021,Petrol,2022-10-12,Berlin,East,2024-10-11
VEH-0643,CUST-0065,Niro,2020,Hybrid,2022-10-26,Stuttgart,South,2024-10-25
VEH-0644,CUST-0307,Sportage,2022,Petrol,2024-05-12,Cologne,West,2026-05-12
VEH-0645,CUST-0258,Ceed,2020,Petrol,2024-01-10,Hannover,North,2026-01-09
VEH-0646,CUST-0469,Stinger,2019,Petrol,2023-02-05,Stuttgart,South,2025-02-04
VEH-0647,CUST-0406,EV9,2021,Electric,2022-01-14,Cologne,West,2024-01-14
VEH-0648,CUST-0338,Ceed,2022,Petrol,2024-02-18,Nuremberg,South,2026-02-17
VEH-0649,CUST-0308,Niro,2021,Hybrid,2022-10-06,Frankfurt,Central,2024-10-05
VEH-0650,CUST-0322,Sorento,2020,Diesel,2024-09-08,Leipzig,East,2026-09-08
VEH-0651,CUST-0753,Sportage,2024,Petrol,2023-08-20,Düsseldorf,West,2025-08-19
VEH-0652,CUST-0334,Stinger,2022,Petrol,2023-05-12,Stuttgart,South,2025-05-11
VEH-0653,CUST-0117,Niro,2023,Hybrid,2024-01-18,Frankfurt,Central,2026-01-17
VEH-0654,CUST-0699,EV9,2025,Electric,2023-01-04,Nuremberg,South,2025-01-03
VEH-0655,CUST-0726,Sorento,2020,Diesel,2024-08-03,Hamburg,North,2026-08-03
VEH-0656,CUST-0419,Sportage,2024,Petrol,2022-05-22,Cologne,West,2024-05-21
VEH-0657,CUST-0248,Sportage,2021,Petrol,2023-09-13,Berlin,East,2025-09-12
VEH-0658,CUST-0387,Stinger,2019,Petrol,2024-05-16,Berlin,East,2026-05-16
VEH-0659,CUST-0597,Sportage,2022,Petrol,2024-09-08,Nuremberg,South,2026-09-08
VEH-0660,CUST-0557,Sorento,2019,Diesel,2024-05-06,Munich,South,2026-05-06
VEH-0661,CUST-0112,Ceed,2025,Petrol,2022-06-24,Düsseldorf,West,2024-06-23
VEH-0662,CUST-0663,EV9,2023,Electric,2022-12-07,Düsseldorf,West,2024-12-06
VEH-0663,CUST-0771,EV6,2021,Electric,2024-03-29,Nuremberg,South,2026-03-29
VEH-0664,CUST-0011,Ceed,2019,Petrol,2022-08-05,Frankfurt,Central,2024-08-04
VEH-0665,CUST-0765,Niro,2023,Hybrid,2024-11-11,Leipzig,East,2026-11-11
VEH-0666,CUST-0457,Sorento,2021,Diesel,2023-03-29,Nuremberg,South,2025-03-28
VEH-0667,CUST-0155,Sportage,2021,Petrol,2024-10-21,Stuttgart,South,2026-10-21
VEH-0668,CUST-0303,EV6,2022,Electric,2022-08-03,Stuttgart,South,2024-08-02
VEH-0669,CUST-0357,EV6,2021,Electric,2022-10-18,Hannover,North,2024-10-17
VEH-0670,CUST-0534,Niro,2022,Hybrid,2023-02-28,Stuttgart,South,2025-02-27
VEH-0671,CUST-0449,Niro,2024,Hybrid,2022-07-19,Stuttgart,South,2024-07-18
VEH-0672,CUST-0069,Stinger,2021,Petrol,2023-10-16,Stuttgart,South,2025-10-15
VEH-0673,CUST-0352,EV6,2024,Electric,2022-02-16,Hannover,North,2024-02-16
VEH-0674,CUST-0529,EV6,2020,Electric,2023-05-15,Berlin,East,2025-05-14
VEH-0675,CUST-0574,Sorento,2022,Diesel,2023-11-09,Berlin,East,2025-11-08
VEH-0676,CUST-0645,Sportage,2020,Petrol,2024-04-09,Leipzig,East,2026-04-09
VEH-0677,CUST-0030,EV9,2024,Electric,2024-03-21,Frankfurt,Central,2026-03-21
VEH-0678,CUST-0607,Sorento,2022,Diesel,2024-07-09,Leipzig,East,2026-07-09
VEH-0679,CUST-0211,Sportage,2021,Petrol,2023-03-16,Hamburg,North,2025-03-15
VEH-0680,CUST-0550,Ceed,2020,Petrol,2022-07-28,Hannover,North,2024-07-27
VEH-0681,CUST-0469,Niro,2019,Hybrid,2023-02-08,Düsseldorf,West,2025-02-07
VEH-0682,CUST-0655,Niro,2021,Hybrid,2024-12-16,Stuttgart,South,2026-12-16
VEH-0683,CUST-0602,Sorento,2019,Diesel,2024-03-14,Frankfurt,Central,2026-03-14
VEH-0684,CUST-0633,Niro,2020,Hybrid,2024-07-26,Düsseldorf,West,2026-07-26
VEH-0685,CUST-0689,Ceed,2020,Petrol,2022-06-23,Cologne,West,2024-06-22
VEH-0686,CUST-0313,Niro,2019,Hybrid,2023-05-04,Hannover,North,2025-05-03
VEH-0687,CUST-0524,EV9,2022,Electric,2022-10-17,Düsseldorf,West,2024-10-16
VEH-0688,CUST-0589,Sportage,2022,Petrol,2022-10-10,Nuremberg,South,2024-10-09
VEH-0689,CUST-0651,Sportage,2023,Petrol,2024-09-23,Berlin,East,2026-09-23
VEH-0690,CUST-0502,Stinger,2021,Petrol,2022-12-08,Berlin,East,2024-12-07
VEH-0691,CUST-0462,EV9,2023,Electric,2023-10-07,Berlin,East,2025-10-06
VEH-0692,CUST-0497,EV6,2020,Electric,2022-01-20,Düsseldorf,West,2024-01-20
VEH-0693,CUST-0669,EV9,2022,Electric,2024-11-01,Frankfurt,Central,2026-11-01
VEH-0694,CUST-0728,Sportage,2025,Petrol,2024-05-01,Stuttgart,South,2026-05-01
VEH-0695,CUST-0085,Sportage,2023,Petrol,2022-12-09,Stuttgart,South,2024-12-08
VEH-0696,CUST-0034,EV6,2021,Electric,2023-08-22,Leipzig,East,2025-08-21
VEH-0697,CUST-0173,EV9,2025,Electric,2023-08-15,Munich,South,2025-08-14
VEH-0698,CUST-0563,Sportage,2023,Petrol,2024-10-11,Nuremberg,South,2026-10-11
VEH-0699,CUST-0275,EV6,2025,Electric,2022-08-22,Nuremberg,South,2024-08-21
VEH-0700,CUST-0779,Sorento,2024,Diesel,2022-03-27,Düsseldorf,West,2024-03-26
VEH-0701,CUST-0436,Sportage,2019,Petrol,2023-03-24,Munich,South,2025-03-23
VEH-0702,CUST-0034,Stinger,2022,Petrol,2023-09-02,Leipzig,East,2025-09-01
VEH-0703,CUST-0450,Niro,2025,Hybrid,2022-06-28,Düsseldorf,West,2024-06-27
VEH-0704,CUST-0756,EV6,2023,Electric,2023-03-06,Leipzig,East,2025-03-05
VEH-0705,CUST-0170,Stinger,2023,Petrol,2024-05-26,Düsseldorf,West,2026-05-26
VEH-0706,CUST-0061,EV9,2023,Electric,2023-02-28,Leipzig,East,2025-02-27
VEH-0707,CUST-0612,Niro,2023,Hybrid,2023-07-30,Munich,South,2025-07-29
VEH-0708,CUST-0297,EV9,2023,Electric,2023-08-23,Düsseldorf,West,2025-08-22
VEH-0709,CUST-0139,Niro,2025,Hybrid,2022-07-15,Munich,South,2024-07-14
VEH-0710,CUST-0284,Ceed,2025,Petrol,2022-05-02,Frankfurt,Central,2024-05-01
VEH-0711,CUST-0256,Stinger,2020,Petrol,2022-09-29,Berlin,East,2024-09-28
VEH-0712,CUST-0780,Stinger,2025,Petrol,2023-05-22,Düsseldorf,West,2025-05-21
VEH-0713,CUST-0146,Stinger,2023,Petrol,2024-09-29,Frankfurt,Central,2026-09-29
VEH-0714,CUST-0385,Stinger,2022,Petrol,2024-04-28,Cologne,West,2026-04-28
VEH-0715,CUST-0528,EV6,2024,Electric,2024-04-05,Hannover,North,2026-04-05
VEH-0716,CUST-0500,Niro,2021,Hybrid,2024-07-20,Düsseldorf,West,2026-07-20
VEH-0717,CUST-0749,Sorento,2022,Diesel,2022-07-10,Hamburg,North,2024-07-09
VEH-0718,CUST-0548,Stinger,2022,Petrol,2022-05-10,Düsseldorf,West,2024-05-09
VEH-0719,CUST-0507,EV9,2021,Electric,2023-03-10,Frankfurt,Central,2025-03-09
VEH-0720,CUST-0561,Niro,2023,Hybrid,2023-11-23,Cologne,West,2025-11-22
VEH-0721,CUST-0352,EV9,2024,Electric,2024-09-20,Nuremberg,South,2026-09-20
VEH-0722,CUST-0102,Ceed,2024,Petrol,2022-04-05,Hamburg,North,2024-04-04
VEH-0723,CUST-0128,Ceed,2025,Petrol,2022-02-03,Stuttgart,South,2024-02-03
VEH-0724,CUST-0001,EV9,2022,Electric,2024-07-23,Stuttgart,South,2026-07-23
VEH-0725,CUST-0163,EV9,2025,Electric,2023-09-11,Berlin,East,2025-09-10
VEH-0726,CUST-0257,Niro,2019,Hybrid,2024-01-09,Hannover,North,2026-01-08
VEH-0727,CUST-0406,Niro,2024,Hybrid,2022-04-17,Berlin,East,2024-04-16
VEH-0728,CUST-0672,Niro,2019,Hybrid,2024-05-29,Leipzig,East,2026-05-29
VEH-0729,CUST-0219,Stinger,2022,Petrol,2022-01-03,Hannover,North,2024-01-03
VEH-0730,CUST-0532,EV6,2024,Electric,2023-04-09,Berlin,East,2025-04-08
VEH-0731,CUST-0713,Sportage,2021,Petrol,2022-01-17,Hamburg,North,2024-01-17
VEH-0732,CUST-0711,Ceed,2020,Petrol,2024-05-14,Hannover,North,2026-05-14
VEH-0733,CUST-0393,Sportage,2019,Petrol,2023-04-14,Hannover,North,2025-04-13
VEH-0734,CUST-0321,Stinger,2021,Petrol,2022-07-31,Hannover,North,2024-07-30
VEH-0735,CUST-0793,Niro,2025,Hybrid,2024-02-23,Berlin,East,2026-02-22
VEH-0736,CUST-0071,Ceed,2023,Petrol,2022-10-20,Berlin,East,2024-10-19
VEH-0737,CUST-0451,Sorento,2021,Diesel,2022-12-03,Hamburg,North,2024-12-02
VEH-0738,CUST-0422,Stinger,2023,Petrol,2022-11-07,Leipzig,East,2024-11-06
VEH-0739,CUST-0089,Stinger,2019,Petrol,2023-03-21,Stuttgart,South,2025-03-20
VEH-0740,CUST-0360,EV9,2022,Electric,2024-02-26,Hannover,North,2026-02-25
VEH-0741,CUST-0284,Niro,2024,Hybrid,2023-05-23,Berlin,East,2025-05-22
VEH-0742,CUST-0798,EV6,2024,Electric,2023-08-07,Leipzig,East,2025-08-06
VEH-0743,CUST-0531,EV6,2023,Electric,2023-02-25,Cologne,West,2025-02-24
VEH-0744,CUST-0303,Sorento,2024,Diesel,2024-03-13,Leipzig,East,2026-03-13
VEH-0745,CUST-0396,EV6,2019,Electric,2024-10-10,Leipzig,East,2026-10-10
VEH-0746,CUST-0541,EV9,2019,Electric,2022-05-26,Stuttgart,South,2024-05-25
VEH-0747,CUST-0397,Niro,2025,Hybrid,2022-09-28,Düsseldorf,West,2024-09-27
VEH-0748,CUST-0375,Ceed,2023,Petrol,2024-05-11,Nuremberg,South,2026-05-11
VEH-0749,CUST-0789,Stinger,2019,Petrol,2024-08-22,Berlin,East,2026-08-22
VEH-0750,CUST-0015,EV6,2021,Electric,2022-05-19,Nuremberg,South,2024-05-18
VEH-0751,CUST-0408,EV9,2023,Electric,2022-05-04,Hamburg,North,2024-05-03
VEH-0752,CUST-0434,Niro,2024,Hybrid,2024-04-30,Munich,South,2026-04-30
VEH-0753,CUST-0285,Sportage,2019,Petrol,2022-11-09,Hannover,North,2024-11-08
VEH-0754,CUST-0209,Niro,2025,Hybrid,2024-11-13,Hannover,North,2026-11-13
VEH-0755,CUST-0401,EV9,2023,Electric,2023-11-01,Munich,South,2025-10-31
VEH-0756,CUST-0716,Stinger,2022,Petrol,2023-09-28,Hannover,North,2025-09-27
VEH-0757,CUST-0251,Stinger,2019,Petrol,2022-04-29,Leipzig,East,2024-04-28
VEH-0758,CUST-0627,Sportage,2023,Petrol,2024-07-17,Hannover,North,2026-07-17
VEH-0759,CUST-0123,EV6,2019,Electric,2022-12-26,Cologne,West,2024-12-25
VEH-0760,CUST-0168,Stinger,2022,Petrol,2022-01-24,Berlin,East,2024-01-24
VEH-0761,CUST-0739,Niro,2021,Hybrid,2024-11-25,Munich,South,2026-11-25
VEH-0762,CUST-0768,EV9,2025,Electric,2022-09-17,Düsseldorf,West,2024-09-16
VEH-0763,CUST-0790,Ceed,2019,Petrol,2022-08-30,Cologne,West,2024-08-29
VEH-0764,CUST-0537,Niro,2019,Hybrid,2023-07-12,Frankfurt,Central,2025-07-11
VEH-0765,CUST-0509,Niro,2022,Hybrid,2022-06-07,Nuremberg,South,2024-06-06
VEH-0766,CUST-0512,Sorento,2025,Diesel,2022-04-24,Düsseldorf,West,2024-04-23
VEH-0767,CUST-0162,Sorento,2021,Diesel,2024-01-24,Berlin,East,2026-01-23
VEH-0768,CUST-0234,Ceed,2024,Petrol,2022-08-25,Hannover,North,2024-08-24
VEH-0769,CUST-0013,Sorento,2020,Diesel,2022-04-01,Hamburg,North,2024-03-31
VEH-0770,CUST-0393,EV6,2020,Electric,2024-01-16,Stuttgart,South,2026-01-15
VEH-0771,CUST-0230,EV9,2021,Electric,2024-05-08,Hamburg,North,2026-05-08
VEH-0772,CUST-0278,EV9,2025,Electric,2023-10-18,Frankfurt,Central,2025-10-17
VEH-0773,CUST-0123,EV6,2023,Electric,2024-02-03,Nuremberg,South,2026-02-02
VEH-0774,CUST-0229,Stinger,2025,Petrol,2023-01-03,Hamburg,North,2025-01-02
VEH-0775,CUST-0071,Sorento,2022,Diesel,2024-04-01,Hamburg,North,2026-04-01
VEH-0776,CUST-0336,Ceed,2019,Petrol,2023-09-29,Cologne,West,2025-09-28
VEH-0777,CUST-0378,Sorento,2020,Diesel,2022-01-17,Stuttgart,South,2024-01-17
VEH-0778,CUST-0758,Niro,2023,Hybrid,2023-09-15,Nuremberg,South,2025-09-14
VEH-0779,CUST-0606,EV9,2022,Electric,2024-01-25,Stuttgart,South,2026-01-24
VEH-0780,CUST-0155,Ceed,2019,Petrol,2023-05-18,Leipzig,East,2025-05-17
VEH-0781,CUST-0555,Sportage,2021,Petrol,2023-04-23,Hamburg,North,2025-04-22
VEH-0782,CUST-0002,Stinger,2025,Petrol,2023-11-18,Hamburg,North,2025-11-17
VEH-0783,CUST-0107,Stinger,2020,Petrol,2023-09-22,Frankfurt,Central,2025-09-21
VEH-0784,CUST-0504,Sorento,2019,Diesel,2024-05-09,Leipzig,East,2026-05-09
VEH-0785,CUST-0045,EV9,2020,Electric,2022-07-10,Cologne,West,2024-07-09
VEH-0786,CUST-0718,Ceed,2021,Petrol,2024-04-25,Munich,South,2026-04-25
VEH-0787,CUST-0518,Sportage,2020,Petrol,2022-07-15,Hannover,North,2024-07-14
VEH-0788,CUST-0607,Stinger,2023,Petrol,2022-06-03,Frankfurt,Central,2024-06-02
VEH-0789,CUST-0243,EV6,2021,Electric,2022-09-25,Frankfurt,Central,2024-09-24
VEH-0790,CUST-0718,Niro,2025,Hybrid,2024-03-15,Düsseldorf,West,2026-03-15
VEH-0791,CUST-0464,Stinger,2021,Petrol,2023-10-14,Düsseldorf,West,2025-10-13
VEH-0792,CUST-0140,EV9,2025,Electric,2023-02-20,Hannover,North,2025-02-19
VEH-0793,CUST-0160,Ceed,2019,Petrol,2022-08-12,Nuremberg,South,2024-08-11
VEH-0794,CUST-0322,EV9,2022,Electric,2024-08-12,Stuttgart,South,2026-08-12
VEH-0795,CUST-0789,EV6,2020,Electric,2024-01-04,Munich,South,2026-01-03
VEH-0796,CUST-0272,Sportage,2025,Petrol,2024-08-06,Cologne,West,2026-08-06
VEH-0797,CUST-0703,EV6,2021,Electric,2022-11-19,Hannover,North,2024-11-18
VEH-0798,CUST-0221,Ceed,2025,Petrol,2022-03-24,Nuremberg,South,2024-03-23
VEH-0799,CUST-0094,Ceed,2024,Petrol,2022-10-31,Düsseldorf,West,2024-10-30
VEH-0800,CUST-0526,EV9,2019,Electric,2024-03-22,Düsseldorf,West,2026-03-22
VEH-0801,CUST-0179,Stinger,2019,Petrol,2023-06-17,Cologne,West,2025-06-16
VEH-0802,CUST-0097,Sportage,2022,Petrol,2023-05-27,Stuttgart,South,2025-05-26
VEH-0803,CUST-0013,EV6,2019,Electric,2022-09-06,Berlin,East,2024-09-05
VEH-0804,CUST-0203,Ceed,2025,Petrol,2022-09-25,Leipzig,East,2024-09-24
VEH-0805,CUST-0597,Sportage,2023,Petrol,2022-06-22,Düsseldorf,West,2024-06-21
VEH-0806,CUST-0067,Niro,2020,Hybrid,2022-02-14,Hannover,North,2024-02-14
VEH-0807,CUST-0095,Stinger,2025,Petrol,2022-09-21,Stuttgart,South,2024-09-20
VEH-0808,CUST-0044,Ceed,2022,Petrol,2022-09-08,Düsseldorf,West,2024-09-07
VEH-0809,CUST-0742,EV6,2022,Electric,2024-06-06,Berlin,East,2026-06-06
VEH-0810,CUST-0700,Sportage,2022,Petrol,2024-02-23,Hamburg,North,2026-02-22
VEH-0811,CUST-0192,EV9,2021,Electric,2023-03-16,Düsseldorf,West,2025-03-15
VEH-0812,CUST-0036,Niro,2023,Hybrid,2022-11-01,Stuttgart,South,2024-10-31
VEH-0813,CUST-0663,Sorento,2021,Diesel,2023-05-19,Nuremberg,South,2025-05-18
VEH-0814,CUST-0063,Sportage,2019,Petrol,2024-09-08,Frankfurt,Central,2026-09-08
VEH-0815,CUST-0430,Niro,2020,Hybrid,2022-10-09,Frankfurt,Central,2024-10-08
VEH-0816,CUST-0646,Stinger,2025,Petrol,2023-05-26,Munich,South,2025-05-25
VEH-0817,CUST-0731,Sorento,2021,Diesel,2024-02-23,Hamburg,North,2026-02-22
VEH-0818,CUST-0353,Sportage,2023,Petrol,2024-09-19,Munich,South,2026-09-19
VEH-0819,CUST-0277,Sorento,2020,Diesel,2024-03-06,Düsseldorf,West,2026-03-06
VEH-0820,CUST-0031,EV6,2025,Electric,2023-03-25,Düsseldorf,West,2025-03-24
VEH-0821,CUST-0484,Ceed,2023,Petrol,2022-04-30,Cologne,West,2024-04-29
VEH-0822,CUST-0164,Niro,2019,Hybrid,2023-04-22,Nuremberg,South,2025-04-21
VEH-0823,CUST-0547,EV9,2025,Electric,2023-06-30,Leipzig,East,2025-06-29
VEH-0824,CUST-0590,Ceed,2025,Petrol,2023-03-26,Hamburg,North,2025-03-25
VEH-0825,CUST-0178,Ceed,2020,Petrol,2023-12-28,Frankfurt,Central,2025-12-27
VEH-0826,CUST-0756,EV9,2024,Electric,2023-10-14,Nuremberg,South,2025-10-13
VEH-0827,CUST-0721,Niro,2024,Hybrid,2022-02-27,Nuremberg,South,2024-02-27
VEH-0828,CUST-0577,Niro,2020,Hybrid,2022-10-19,Nuremberg,South,2024-10-18
VEH-0829,CUST-0180,Ceed,2022,Petrol,2023-09-25,Stuttgart,South,2025-09-24
VEH-0830,CUST-0239,EV6,2023,Electric,2022-04-26,Hannover,North,2024-04-25
VEH-0831,CUST-0490,EV9,2019,Electric,2024-12-14,Hamburg,North,2026-12-14
VEH-0832,CUST-0134,Niro,2021,Hybrid,2023-02-17,Nuremberg,South,2025-02-16
VEH-0833,CUST-0061,Stinger,2019,Petrol,2023-10-25,Berlin,East,2025-10-24
VEH-0834,CUST-0793,EV9,2019,Electric,2022-10-18,Nuremberg,South,2024-10-17
VEH-0835,CUST-0075,Ceed,2021,Petrol,2024-01-18,Munich,South,2026-01-17
VEH-0836,CUST-0345,Stinger,2021,Petrol,2022-07-26,Frankfurt,Central,2024-07-25
VEH-0837,CUST-0750,Niro,2022,Hybrid,2022-11-19,Berlin,East,2024-11-18
VEH-0838,CUST-0179,Ceed,2024,Petrol,2023-10-12,Stuttgart,South,2025-10-11
VEH-0839,CUST-0229,Sorento,2024,Diesel,2024-01-01,Nuremberg,South,2025-12-31
VEH-0840,CUST-0315,Sorento,2024,Diesel,2024-02-14,Berlin,East,2026-02-13
VEH-0841,CUST-0182,Stinger,2024,Petrol,2022-09-18,Cologne,West,2024-09-17
VEH-0842,CUST-0790,EV6,2023,Electric,2024-03-12,Nuremberg,South,2026-03-12
VEH-0843,CUST-0627,EV6,2020,Electric,2023-10-14,Berlin,East,2025-10-13
VEH-0844,CUST-0509,Stinger,2020,Petrol,2022-08-02,Nuremberg,South,2024-08-01
VEH-0845,CUST-0356,Niro,2021,Hybrid,2023-05-03,Hannover,North,2025-05-02
VEH-0846,CUST-0458,EV9,2019,Electric,2023-11-19,Hannover,North,2025-11-18
VEH-0847,CUST-0710,Niro,2019,Hybrid,2023-05-27,Leipzig,East,2025-05-26
VEH-0848,CUST-0738,Niro,2019,Hybrid,2022-08-10,Cologne,West,2024-08-09
VEH-0849,CUST-0751,EV6,2022,Electric,2024-06-16,Frankfurt,Central,2026-06-16
VEH-0850,CUST-0388,EV9,2021,Electric,2024-10-06,Frankfurt,Central,2026-10-06
VEH-0851,CUST-0491,Sorento,2025,Diesel,2022-07-27,Frankfurt,Central,2024-07-26
VEH-0852,CUST-0167,Ceed,2022,Petrol,2023-04-07,Nuremberg,South,2025-04-06
VEH-0853,CUST-0021,EV6,2021,Electric,2023-08-27,Hamburg,North,2025-08-26
VEH-0854,CUST-0351,Niro,2020,Hybrid,2022-06-01,Hannover,North,2024-05-31
VEH-0855,CUST-0561,Sportage,2019,Petrol,2022-06-03,Berlin,East,2024-06-02
VEH-0856,CUST-0722,Niro,2019,Hybrid,2024-09-15,Nuremberg,South,2026-09-15
VEH-0857,CUST-0161,Sportage,2019,Petrol,2024-06-08,Berlin,East,2026-06-08
VEH-0858,CUST-0195,EV6,2022,Electric,2023-02-25,Düsseldorf,West,2025-02-24
VEH-0859,CUST-0677,Stinger,2021,Petrol,2023-06-28,Munich,South,2025-06-27
VEH-0860,CUST-0051,Niro,2022,Hybrid,2022-07-16,Leipzig,East,2024-07-15
VEH-0861,CUST-0158,Sorento,2019,Diesel,2024-10-02,Munich,South,2026-10-02
VEH-0862,CUST-0090,Niro,2021,Hybrid,2024-05-25,Hamburg,North,2026-05-25
VEH-0863,CUST-0205,Ceed,2019,Petrol,2024-09-10,Nuremberg,South,2026-09-10
VEH-0864,CUST-0654,EV6,2021,Electric,2022-12-16,Leipzig,East,2024-12-15
VEH-0865,CUST-0316,EV6,2025,Electric,2022-08-25,Stuttgart,South,2024-08-24
VEH-0866,CUST-0677,Sportage,2021,Petrol,2024-09-28,Stuttgart,South,2026-09-28
VEH-0867,CUST-0190,EV6,2021,Electric,2024-03-04,Munich,South,2026-03-04
VEH-0868,CUST-0457,Sportage,2019,Petrol,2023-01-18,Düsseldorf,West,2025-01-17
VEH-0869,CUST-0270,Niro,2020,Hybrid,2024-08-10,Stuttgart,South,2026-08-10
VEH-0870,CUST-0155,Ceed,2025,Petrol,2022-05-07,Cologne,West,2024-05-06
VEH-0871,CUST-0685,Stinger,2021,Petrol,2022-06-25,Hannover,North,2024-06-24
VEH-0872,CUST-0775,Ceed,2023,Petrol,2024-04-27,Munich,South,2026-04-27
VEH-0873,CUST-0397,EV9,2025,Electric,2022-05-05,Munich,South,2024-05-04
VEH-0874,CUST-0587,Sorento,2020,Diesel,2024-08-30,Frankfurt,Central,2026-08-30
VEH-0875,CUST-0405,Sportage,2025,Petrol,2022-06-11,Cologne,West,2024-06-10
VEH-0876,CUST-0585,Stinger,2023,Petrol,2024-10-25,Hamburg,North,2026-10-25
VEH-0877,CUST-0124,Ceed,2025,Petrol,2022-10-29,Nuremberg,South,2024-10-28
VEH-0878,CUST-0217,Sportage,2025,Petrol,2022-12-09,Berlin,East,2024-12-08
VEH-0879,CUST-0434,EV9,2019,Electric,2022-03-29,Berlin,East,2024-03-28
VEH-0880,CUST-0643,Stinger,2020,Petrol,2023-02-18,Frankfurt,Central,2025-02-17
VEH-0881,CUST-0328,Ceed,2024,Petrol,2023-06-13,Nuremberg,South,2025-06-12
VEH-0882,CUST-0398,Ceed,2023,Petrol,2022-06-28,Hannover,North,2024-06-27
VEH-0883,CUST-0283,Sportage,2023,Petrol,2023-10-30,Munich,South,2025-10-29
VEH-0884,CUST-0430,Sportage,2019,Petrol,2024-12-06,Hamburg,North,2026-12-06
VEH-0885,CUST-0581,Sportage,2023,Petrol,2022-10-31,Berlin,East,2024-10-30
VEH-0886,CUST-0577,Sorento,2025,Diesel,2022-08-05,Hannover,North,2024-08-04
VEH-0887,CUST-0421,EV6,2021,Electric,2023-12-06,Cologne,West,2025-12-05
VEH-0888,CUST-0039,Sportage,2020,Petrol,2024-08-26,Stuttgart,South,2026-08-26
VEH-0889,CUST-0634,Niro,2023,Hybrid,2022-10-22,Frankfurt,Central,2024-10-21
VEH-0890,CUST-0406,Stinger,2021,Petrol,2022-03-21,Frankfurt,Central,2024-03-20
VEH-0891,CUST-0764,Stinger,2022,Petrol,2022-04-11,Leipzig,East,2024-04-10
VEH-0892,CUST-0346,Niro,2025,Hybrid,2022-02-11,Düsseldorf,West,2024-02-11
VEH-0893,CUST-0288,Ceed,2025,Petrol,2023-09-29,Cologne,West,2025-09-28
VEH-0894,CUST-0138,Sportage,2021,Petrol,2023-04-12,Hannover,North,2025-04-11
VEH-0895,CUST-0276,Stinger,2024,Petrol,2023-10-20,Stuttgart,South,2025-10-19
VEH-0896,CUST-0193,Sportage,2022,Petrol,2022-07-02,Nuremberg,South,2024-07-01
VEH-0897,CUST-0778,EV9,2023,Electric,2024-09-19,Frankfurt,Central,2026-09-19
VEH-0898,CUST-0528,Ceed,2025,Petrol,2022-04-26,Düsseldorf,West,2024-04-25
VEH-0899,CUST-0727,EV9,2023,Electric,2023-09-30,Hannover,North,2025-09-29
VEH-0900,CUST-0583,Sportage,2019,Petrol,2024-12-09,Berlin,East,2026-12-09
VEH-0901,CUST-0060,EV9,2020,Electric,2023-02-16,Leipzig,East,2025-02-15
VEH-0902,CUST-0370,EV6,2024,Electric,2022-04-14,Stuttgart,South,2024-04-13
VEH-0903,CUST-0476,EV9,2023,Electric,2024-01-25,Cologne,West,2026-01-24
VEH-0904,CUST-0248,Sportage,2021,Petrol,2022-03-04,Hannover,North,2024-03-03
VEH-0905,CUST-0182,Sportage,2025,Petrol,2024-07-02,Nuremberg,South,2026-07-02
VEH-0906,CUST-0353,Sportage,2020,Petrol,2023-12-18,Nuremberg,South,2025-12-17
VEH-0907,CUST-0292,Ceed,2019,Petrol,2022-07-05,Cologne,West,2024-07-04
VEH-0908,CUST-0586,Sportage,2025,Petrol,2022-11-30,Hamburg,North,2024-11-29
VEH-0909,CUST-0694,EV9,2020,Electric,2023-04-07,Leipzig,East,2025-04-06
VEH-0910,CUST-0021,Niro,2025,Hybrid,2024-11-17,Frankfurt,Central,2026-11-17
VEH-0911,CUST-0136,Ceed,2024,Petrol,2024-08-28,Hamburg,North,2026-08-28
VEH-0912,CUST-0230,EV9,2021,Electric,2022-01-18,Nuremberg,South,2024-01-18
VEH-0913,CUST-0434,Sorento,2022,Diesel,2023-07-18,Cologne,West,2025-07-17
VEH-0914,CUST-0259,Ceed,2020,Petrol,2024-07-29,Düsseldorf,West,2026-07-29
VEH-0915,CUST-0639,Sportage,2022,Petrol,2024-12-02,Cologne,West,2026-12-02
VEH-0916,CUST-0524,Sorento,2024,Diesel,2022-01-16,Hannover,North,2024-01-16
VEH-0917,CUST-0306,Ceed,2024,Petrol,2023-08-02,Düsseldorf,West,2025-08-01
VEH-0918,CUST-0345,EV6,2021,Electric,2022-05-11,Stuttgart,South,2024-05-10
VEH-0919,CUST-0268,Stinger,2024,Petrol,2023-07-22,Düsseldorf,West,2025-07-21
VEH-0920,CUST-0154,Stinger,2023,Petrol,2023-01-21,Cologne,West,2025-01-20
VEH-0921,CUST-0615,Ceed,2022,Petrol,2022-04-27,Leipzig,East,2024-04-26
VEH-0922,CUST-0739,Stinger,2019,Petrol,2022-10-14,Düsseldorf,West,2024-10-13
VEH-0923,CUST-0266,Stinger,2022,Petrol,2023-08-29,Stuttgart,South,2025-08-28
VEH-0924,CUST-0598,Sportage,2024,Petrol,2022-03-14,Frankfurt,Central,2024-03-13
VEH-0925,CUST-0744,Sorento,2024,Diesel,2023-12-04,Leipzig,East,2025-12-03
VEH-0926,CUST-0688,EV9,2021,Electric,2024-09-01,Munich,South,2026-09-01
VEH-0927,CUST-0674,Sorento,2023,Diesel,2022-12-15,Cologne,West,2024-12-14
VEH-0928,CUST-0483,EV9,2020,Electric,2022-07-19,Cologne,West,2024-07-18
VEH-0929,CUST-0697,Stinger,2021,Petrol,2023-01-10,Cologne,West,2025-01-09
VEH-0930,CUST-0364,Stinger,2020,Petrol,2023-04-01,Hannover,North,2025-03-31
VEH-0931,CUST-0340,Stinger,2021,Petrol,2024-05-11,Cologne,West,2026-05-11
VEH-0932,CUST-0475,Niro,2025,Hybrid,2023-08-26,Nuremberg,South,2025-08-25
VEH-0933,CUST-0650,EV6,2023,Electric,2022-04-20,Stuttgart,South,2024-04-19
VEH-0934,CUST-0484,Sorento,2020,Diesel,2022-05-26,Nuremberg,South,2024-05-25
VEH-0935,CUST-0543,Sorento,2021,Diesel,2024-02-21,Hannover,North,2026-02-20
VEH-0936,CUST-0141,Sportage,2020,Petrol,2022-11-05,Hamburg,North,2024-11-04
VEH-0937,CUST-0147,Niro,2021,Hybrid,2024-07-26,Frankfurt,Central,2026-07-26
VEH-0938,CUST-0500,Ceed,2021,Petrol,2022-06-15,Berlin,East,2024-06-14
VEH-0939,CUST-0650,Stinger,2019,Petrol,2023-10-04,Berlin,East,2025-10-03
VEH-0940,CUST-0215,EV6,2025,Electric,2023-07-15,Stuttgart,South,2025-07-14
VEH-0941,CUST-0502,Ceed,2025,Petrol,2022-11-21,Berlin,East,2024-11-20
VEH-0942,CUST-0630,Ceed,2022,Petrol,2022-09-23,Hannover,North,2024-09-22
VEH-0943,CUST-0440,Stinger,2022,Petrol,2024-04-06,Frankfurt,Central,2026-04-06
VEH-0944,CUST-0547,Sportage,2020,Petrol,2022-03-19,Hamburg,North,2024-03-18
VEH-0945,CUST-0330,Stinger,2025,Petrol,2022-01-29,Düsseldorf,West,2024-01-29
VEH-0946,CUST-0019,Ceed,2024,Petrol,2023-01-26,Munich,South,2025-01-25
VEH-0947,CUST-0711,EV6,2021,Electric,2023-04-09,Leipzig,East,2025-04-08
VEH-0948,CUST-0393,Niro,2023,Hybrid,2022-07-30,Berlin,East,2024-07-29
VEH-0949,CUST-0067,Sorento,2025,Diesel,2022-12-09,Cologne,West,2024-12-08
VEH-0950,CUST-0467,EV6,2024,Electric,2023-08-19,Cologne,West,2025-08-18
VEH-0951,CUST-0346,Sorento,2022,Diesel,2024-12-09,Nuremberg,South,2026-12-09
VEH-0952,CUST-0502,Stinger,2021,Petrol,2023-12-03,Berlin,East,2025-12-02
VEH-0953,CUST-0414,Ceed,2019,Petrol,2022-12-04,Leipzig,East,2024-12-03
VEH-0954,CUST-0217,EV9,2024,Electric,2022-09-26,Leipzig,East,2024-09-25
VEH-0955,CUST-0174,EV6,2019,Electric,2024-10-30,Nuremberg,South,2026-10-30
VEH-0956,CUST-0656,Niro,2021,Hybrid,2024-02-08,Hamburg,North,2026-02-07
VEH-0957,CUST-0609,Ceed,2019,Petrol,2022-04-10,Munich,South,2024-04-09
VEH-0958,CUST-0050,Stinger,2024,Petrol,2022-02-10,Hannover,North,2024-02-10
VEH-0959,CUST-0390,EV6,2019,Electric,2024-06-28,Frankfurt,Central,2026-06-28
VEH-0960,CUST-0719,Sorento,2020,Diesel,2024-08-29,Cologne,West,2026-08-29
VEH-0961,CUST-0431,EV9,2024,Electric,2023-09-09,Hamburg,North,2025-09-08
VEH-0962,CUST-0638,EV6,2023,Electric,2023-07-07,Munich,South,2025-07-06
VEH-0963,CUST-0108,Stinger,2023,Petrol,2024-05-07,Berlin,East,2026-05-07
VEH-0964,CUST-0290,Stinger,2019,Petrol,2022-08-30,Nuremberg,South,2024-08-29
VEH-0965,CUST-0204,Ceed,2023,Petrol,2024-10-16,Hannover,North,2026-10-16
VEH-0966,CUST-0207,EV9,2021,Electric,2024-12-07,Cologne,West,2026-12-07
VEH-0967,CUST-0165,Stinger,2019,Petrol,2023-08-28,Frankfurt,Central,2025-08-27
VEH-0968,CUST-0705,Sorento,2022,Diesel,2023-03-02,Stuttgart,South,2025-03-01
VEH-0969,CUST-0014,Niro,2024,Hybrid,2022-01-06,Leipzig,East,2024-01-06
VEH-0970,CUST-0153,EV6,2019,Electric,2024-10-08,Hannover,North,2026-10-08
VEH-0971,CUST-0741,Ceed,2024,Petrol,2022-06-03,Munich,South,2024-06-02
VEH-0972,CUST-0468,EV6,2021,Electric,2023-04-19,Cologne,West,2025-04-18
VEH-0973,CUST-0103,Niro,2025,Hybrid,2022-04-13,Stuttgart,South,2024-04-12
VEH-0974,CUST-0369,EV9,2025,Electric,2023-08-19,Hamburg,North,2025-08-18
VEH-0975,CUST-0757,Stinger,2019,Petrol,2024-05-22,Düsseldorf,West,2026-05-22
VEH-0976,CUST-0142,EV6,2024,Electric,2022-01-20,Hamburg,North,2024-01-20
VEH-0977,CUST-0367,Stinger,2022,Petrol,2023-11-05,Berlin,East,2025-11-04
VEH-0978,CUST-0382,Sorento,2025,Diesel,2022-07-10,Cologne,West,2024-07-09
VEH-0979,CUST-0411,Niro,2022,Hybrid,2022-08-22,Berlin,East,2024-08-21
VEH-0980,CUST-0707,Sportage,2025,Petrol,2024-02-29,Cologne,West,2026-02-28
VEH-0981,CUST-0116,Sportage,2020,Petrol,2022-12-08,Frankfurt,Central,2024-12-07
VEH-0982,CUST-0107,Stinger,2022,Petrol,2022-11-23,Hamburg,North,2024-11-22
VEH-0983,CUST-0186,Sorento,2023,Diesel,2024-06-16,Stuttgart,South,2026-06-16
VEH-0984,CUST-0701,Sportage,2025,Petrol,2022-03-01,Düsseldorf,West,2024-02-29
VEH-0985,CUST-0500,Stinger,2019,Petrol,2024-09-16,Berlin,East,2026-09-16
VEH-0986,CUST-0065,Sportage,2021,Petrol,2022-04-05,Stuttgart,South,2024-04-04
VEH-0987,CUST-0722,Stinger,2025,Petrol,2022-01-26,Düsseldorf,West,2024-01-26
VEH-0988,CUST-0686,Stinger,2025,Petrol,2023-04-04,Munich,South,2025-04-03
VEH-0989,CUST-0705,Niro,2024,Hybrid,2024-12-07,Munich,South,2026-12-07
VEH-0990,CUST-0678,Sorento,2024,Diesel,2024-06-05,Hannover,North,2026-06-05
VEH-0991,CUST-0680,EV9,2024,Electric,2023-12-10,Stuttgart,South,2025-12-09
VEH-0992,CUST-0572,Stinger,2023,Petrol,2022-11-01,Frankfurt,Central,2024-10-31
VEH-0993,CUST-0518,EV6,2025,Electric,2022-11-18,Hamburg,North,2024-11-17
VEH-0994,CUST-0077,Sportage,2025,Petrol,2022-12-05,Stuttgart,South,2024-12-04
VEH-0995,CUST-0339,Sportage,2021,Petrol,2023-05-09,Düsseldorf,West,2025-05-08
VEH-0996,CUST-0564,EV6,2024,Electric,2023-04-02,Munich,South,2025-04-01
VEH-0997,CUST-0081,Sportage,2022,Petrol,2023-04-27,Frankfurt,Central,2025-04-26
VEH-0998,CUST-0091,Sportage,2025,Petrol,2024-07-06,Nuremberg,South,2026-07-06
VEH-0999,CUST-0122,Sportage,2022,Petrol,2023-10-10,Stuttgart,South,2025-10-09
VEH-1000,CUST-0414,Stinger,2022,Petrol,2022-07-30,Hamburg,North,2024-07-29
