claim_id,vehicle_id,claim_date,issue_category,claim_status,claim_cost,approved_amount,resolution_days
CLAIM-00001,VEH-0420,2024-10-08,Infotainment,Approved,2369.58,2226.05,52.0
CLAIM-00002,VEH-0382,2025-01-22,HVAC,Rejected,338.7,0.0,8.0
CLAIM-00003,VEH-0140,2025-09-28,Powertrain,Approved,952.2,847.79,3.0
CLAIM-00004,VEH-0985,2025-05-20,Body & Exterior,Rejected,2190.98,0.0,10.0
CLAIM-00005,VEH-0430,2024-08-27,Body & Exterior,Approved,2482.61,1988.91,52.0
CLAIM-00006,VEH-0598,2025-08-06,Electrical,Pending,3885.07,,
CLAIM-00007,VEH-0428,2024-10-02,Infotainment,Approved,1766.35,1654.38,15.0
CLAIM-00008,VEH-0154,2025-12-09,Electrical,Approved,3533.82,3471.38,11.0
CLAIM-00009,VEH-0613,2024-11-12,Electrical,Approved,4896.1,4509.51,29.0
CLAIM-00010,VEH-0931,2025-12-12,HVAC,Approved,3524.71,2834.25,58.0
CLAIM-00011,VEH-0384,2025-12-21,Electrical,Approved,2763.07,2441.79,18.0
CLAIM-00012,VEH-0825,2025-09-05,Brakes,Approved,2169.05,1763.51,57.0
CLAIM-00013,VEH-0507,2025-06-29,Powertrain,Approved,2584.86,2193.63,8.0
CLAIM-00014,VEH-0961,2024-05-16,Infotainment,Approved,2895.06,2700.88,43.0
CLAIM-00015,VEH-0123,2025-06-19,Body & Exterior,Approved,1388.73,1129.54,12.0
CLAIM-00016,VEH-0933,2025-11-11,Powertrain,Approved,2842.37,2405.92,20.0
CLAIM-00017,VEH-0644,2025-04-19,Brakes,Rejected,2014.48,0.0,4.0
CLAIM-00018,VEH-0735,2025-09-15,Body & Exterior,Rejected,652.49,0.0,18.0
CLAIM-00019,VEH-0651,2025-10-18,Brakes,Approved,1586.39,1526.57,59.0
CLAIM-00020,VEH-0731,2024-04-29,Powertrain,Pending,4026.0,,
CLAIM-00021,VEH-0365,2025-07-16,Infotainment,Approved,2445.8,2005.09,36.0
CLAIM-00022,VEH-0039,2025-09-07,Body & Exterior,Pending,447.5,,
CLAIM-00023,VEH-0331,2023-10-24,Electrical,Pending,812.47,,
CLAIM-00024,VEH-0146,2025-08-08,Powertrain,Approved,4938.07,4509.6,41.0
CLAIM-00025,VEH-0077,2025-01-18,Powertrain,Pending,1872.44,,
CLAIM-00026,VEH-0723,2024-03-18,Brakes,Approved,3786.62,3061.79,50.0
CLAIM-00027,VEH-0733,2024-10-31,Infotainment,Approved,3391.11,3344.16,29.0
CLAIM-00028,VEH-0357,2025-08-02,Powertrain,Pending,1201.13,,
CLAIM-00029,VEH-0530,2024-10-28,Infotainment,Rejected,3973.29,0.0,42.0
CLAIM-00030,VEH-0313,2025-06-12,Electrical,Approved,2654.17,2387.23,28.0
CLAIM-00031,VEH-0899,2025-12-12,Powertrain,Approved,425.04,347.24,50.0
CLAIM-00032,VEH-0829,2025-04-07,Brakes,Approved,2027.01,1809.92,20.0
CLAIM-00033,VEH-0795,2025-12-21,Infotainment,Approved,1702.73,1467.12,33.0
CLAIM-00034,VEH-0442,2025-07-12,Body & Exterior,Approved,4368.68,4096.47,36.0
CLAIM-00035,VEH-0050,2025-11-18,HVAC,Rejected,3338.94,0.0,9.0
CLAIM-00036,VEH-0710,2025-01-05,HVAC,Approved,3487.98,3470.7,34.0
CLAIM-00037,VEH-0782,2025-06-20,Brakes,Rejected,1332.81,0.0,60.0
CLAIM-00038,VEH-0896,2025-03-19,Powertrain,Pending,3012.73,,
CLAIM-00039,VEH-0569,2025-02-14,Powertrain,Pending,1688.41,,
CLAIM-00040,VEH-0736,2023-12-28,HVAC,Approved,1601.1,1545.3,44.0
CLAIM-00041,VEH-0186,2025-04-23,Powertrain,Approved,3029.03,2828.92,50.0
CLAIM-00042,VEH-0316,2023-11-21,Powertrain,Pending,3472.83,,
CLAIM-00043,VEH-0552,2024-04-26,Powertrain,Rejected,2809.23,0.0,52.0
CLAIM-00044,VEH-0797,2025-02-13,Brakes,Approved,949.74,897.43,41.0
CLAIM-00045,VEH-0817,2024-12-20,Powertrain,Approved,3970.73,3836.03,57.0
CLAIM-00046,VEH-0015,2025-11-01,HVAC,Approved,2018.99,1904.73,30.0
CLAIM-00047,VEH-0180,2025-01-19,Infotainment,Approved,3069.32,2610.48,53.0
CLAIM-00048,VEH-0771,2025-08-08,Infotainment,Approved,1025.75,1012.24,30.0
CLAIM-00049,VEH-0592,2025-06-12,Powertrain,Approved,1457.75,1331.64,18.0
CLAIM-00050,VEH-0851,2023-01-28,Infotainment,Pending,3177.75,,
CLAIM-00051,VEH-0443,2025-12-11,Powertrain,Approved,2242.14,1934.13,12.0
CLAIM-00052,VEH-0527,2025-03-17,Electrical,Approved,4026.37,3264.99,18.0
CLAIM-00053,VEH-0425,2024-11-23,Body & Exterior,Approved,1415.23,1354.06,44.0
CLAIM-00054,VEH-0053,2025-03-17,Electrical,Approved,4467.43,4080.16,8.0
CLAIM-00055,VEH-0138,2025-08-20,Brakes,Pending,3625.9,,
CLAIM-00056,VEH-0196,2025-04-10,Brakes,Approved,1180.14,1086.59,60.0
CLAIM-00057,VEH-0962,2025-07-02,HVAC,Approved,1258.18,1012.32,21.0
CLAIM-00058,VEH-0345,2024-04-22,HVAC,Approved,4835.36,4238.94,40.0
CLAIM-00059,VEH-0200,2023-01-17,Body & Exterior,Pending,546.77,,
CLAIM-00060,VEH-0617,2024-05-08,Powertrain,Pending,710.36,,
CLAIM-00061,VEH-0619,2025-09-28,Powertrain,Approved,2351.58,1959.17,59.0
CLAIM-00062,VEH-0199,2024-05-19,Infotainment,Approved,115.52,107.92,38.0
CLAIM-00063,VEH-0955,2025-12-30,Powertrain,Pending,2286.21,,
CLAIM-00064,VEH-0387,2023-08-30,Infotainment,Pending,2101.82,,
CLAIM-00065,VEH-0272,2025-12-03,Infotainment,Approved,4451.78,4318.75,2.0
CLAIM-00066,VEH-0390,2025-09-03,Body & Exterior,Rejected,1105.13,0.0,32.0
CLAIM-00067,VEH-0789,2024-10-31,Brakes,Rejected,2667.28,0.0,2.0
CLAIM-00068,VEH-0440,2025-07-06,Powertrain,Approved,2000.71,1777.51,24.0
CLAIM-00069,VEH-0344,2025-04-09,Body & Exterior,Rejected,3044.67,0.0,44.0
CLAIM-00070,VEH-0874,2025-10-08,Brakes,Approved,2079.63,1754.35,26.0
CLAIM-00071,VEH-0029,2025-07-10,HVAC,Approved,1524.33,1289.86,57.0
CLAIM-00072,VEH-0155,2025-06-24,HVAC,Pending,3463.81,,
CLAIM-00073,VEH-0410,2025-03-16,Body & Exterior,Rejected,417.01,0.0,52.0
CLAIM-00074,VEH-0781,2023-06-21,Infotainment,Approved,1791.4,1569.61,28.0
CLAIM-00075,VEH-0275,2025-06-02,Brakes,Approved,2178.28,1933.16,15.0
CLAIM-00076,VEH-0385,2024-04-08,Powertrain,Approved,4985.79,4465.8,15.0
CLAIM-00077,VEH-0979,2025-12-30,Powertrain,Rejected,3035.62,0.0,55.0
CLAIM-00078,VEH-0658,2025-06-29,Powertrain,Pending,1886.4,,
CLAIM-00079,VEH-0079,2024-04-06,HVAC,Rejected,877.89,0.0,45.0
CLAIM-00080,VEH-0400,2025-06-22,Infotainment,Approved,488.35,481.71,10.0
CLAIM-00081,VEH-0369,2024-03-12,Powertrain,Approved,2235.88,2178.2,15.0
CLAIM-00082,VEH-0318,2025-04-26,Electrical,Approved,2650.49,2243.28,40.0
CLAIM-00083,VEH-0213,2023-12-18,Body & Exterior,Approved,3937.19,3836.26,12.0
CLAIM-00084,VEH-0202,2025-04-09,Powertrain,Approved,4715.88,4616.77,2.0
CLAIM-00085,VEH-0279,2025-11-07,Electrical,Pending,3052.91,,
CLAIM-00086,VEH-0317,2024-09-17,Powertrain,Rejected,1418.32,0.0,35.0
CLAIM-00087,VEH-0429,2023-07-15,Brakes,Rejected,2811.85,0.0,47.0
CLAIM-00088,VEH-0766,2024-02-07,Electrical,Approved,4667.54,3963.35,21.0
CLAIM-00089,VEH-0022,2024-09-22,Electrical,Rejected,2614.9,0.0,33.0
CLAIM-00090,VEH-0296,2024-12-14,Powertrain,Pending,2029.65,,
CLAIM-00091,VEH-0958,2025-09-18,HVAC,Approved,4248.03,3603.97,54.0
CLAIM-00092,VEH-0763,2025-05-31,Powertrain,Approved,1468.46,1246.95,46.0
CLAIM-00093,VEH-0187,2025-05-11,HVAC,Rejected,894.23,0.0,49.0
CLAIM-00094,VEH-0060,2023-05-22,Infotainment,Approved,1949.38,1559.73,34.0
CLAIM-00095,VEH-0576,2025-11-08,HVAC,Rejected,2035.58,0.0,47.0
CLAIM-00096,VEH-0011,2025-10-08,Body & Exterior,Pending,2386.44,,
CLAIM-00097,VEH-0009,2025-04-01,Body & Exterior,Approved,3067.03,2894.27,26.0
CLAIM-00098,VEH-0472,2025-04-07,Infotainment,Approved,2097.62,1889.18,9.0
CLAIM-00099,VEH-0344,2025-02-13,Brakes,Approved,3039.01,2654.58,8.0
CLAIM-00100,VEH-0966,2025-11-13,Brakes,Pending,1974.6,,
CLAIM-00101,VEH-0171,2024-07-05,Powertrain,Approved,2487.39,2363.18,28.0
CLAIM-00102,VEH-0254,2025-11-30,HVAC,Rejected,821.13,0.0,51.0
CLAIM-00103,VEH-0735,2025-03-09,Powertrain,Rejected,1579.66,0.0,10.0
CLAIM-00104,VEH-0900,2025-05-04,Brakes,Pending,4527.95,,
CLAIM-00105,VEH-0915,2025-11-01,Powertrain,Approved,3593.16,3141.55,30.0
CLAIM-00106,VEH-0365,2024-10-16,Body & Exterior,Approved,351.6,347.92,60.0
CLAIM-00107,VEH-0607,2025-04-19,Infotainment,Approved,360.28,321.74,57.0
CLAIM-00108,VEH-0398,2025-06-08,HVAC,Approved,1540.36,1485.24,31.0
CLAIM-00109,VEH-0503,2025-06-08,Infotainment,Pending,4356.28,,
CLAIM-00110,VEH-0856,2025-06-07,Powertrain,Approved,1048.05,1031.7,1.0
CLAIM-00111,VEH-0185,2023-07-03,Electrical,Approved,3584.41,3060.81,33.0
CLAIM-00112,VEH-0747,2024-10-24,Infotainment,Rejected,1919.21,0.0,26.0
CLAIM-00113,VEH-0534,2024-09-12,HVAC,Rejected,2355.43,0.0,21.0
CLAIM-00114,VEH-0693,2025-06-19,Infotainment,Approved,4026.0,3692.34,49.0
CLAIM-00115,VEH-0270,2025-12-13,HVAC,Approved,2618.46,2443.71,47.0
CLAIM-00116,VEH-0616,2025-12-16,Infotainment,Approved,429.72,426.98,22.0
CLAIM-00117,VEH-0081,2025-10-09,Powertrain,Rejected,3212.5,0.0,10.0
CLAIM-00118,VEH-0247,2025-09-12,Electrical,Approved,1981.06,1741.11,3.0
CLAIM-00119,VEH-0792,2025-05-18,Powertrain,Approved,751.42,664.01,27.0
CLAIM-00120,VEH-0614,2025-11-01,HVAC,Pending,843.07,,
CLAIM-00121,VEH-0703,2024-04-27,Electrical,Pending,1132.02,,
CLAIM-00122,VEH-0576,2025-05-25,Infotainment,Pending,1400.99,,
CLAIM-00123,VEH-0282,2023-03-21,Body & Exterior,Approved,4584.16,3819.16,32.0
CLAIM-00124,VEH-0018,2025-11-09,HVAC,Approved,2352.07,2304.75,47.0
CLAIM-00125,VEH-0079,2025-01-20,Brakes,Pending,4782.78,,
CLAIM-00126,VEH-0122,2025-11-12,Brakes,Approved,4456.93,4291.47,41.0
CLAIM-00127,VEH-0216,2025-07-22,Body & Exterior,Approved,862.43,807.57,38.0
CLAIM-00128,VEH-0741,2025-04-25,Powertrain,Rejected,4050.33,0.0,15.0
CLAIM-00129,VEH-0665,2025-01-23,Brakes,Approved,1433.72,1416.5,32.0
CLAIM-00130,VEH-0299,2025-08-04,Brakes,Approved,2999.29,2880.32,7.0
CLAIM-00131,VEH-0132,2025-12-29,Powertrain,Approved,1195.76,1143.98,30.0
CLAIM-00132,VEH-0927,2025-01-29,HVAC,Pending,3517.17,,
CLAIM-00133,VEH-0536,2025-03-02,Brakes,Approved,2059.27,1880.76,6.0
CLAIM-00134,VEH-0805,2024-01-07,Electrical,Approved,2457.75,2422.56,50.0
CLAIM-00135,VEH-0651,2025-08-10,Infotainment,Pending,378.82,,
CLAIM-00136,VEH-0444,2025-08-21,Brakes,Approved,2418.55,1949.64,8.0
CLAIM-00137,VEH-0273,2025-08-13,Infotainment,Approved,4407.62,3959.68,38.0
CLAIM-00138,VEH-0527,2025-05-03,HVAC,Approved,4262.31,3654.05,52.0
CLAIM-00139,VEH-0102,2025-07-01,Electrical,Approved,3030.11,2783.73,7.0
CLAIM-00140,VEH-0734,2024-11-24,Infotainment,Approved,3713.41,3082.16,32.0
CLAIM-00141,VEH-0313,2025-05-10,Body & Exterior,Pending,3988.59,,
CLAIM-00142,VEH-0547,2025-02-11,Electrical,Approved,351.65,314.46,9.0
CLAIM-00143,VEH-0753,2024-08-21,Body & Exterior,Pending,1897.16,,
CLAIM-00144,VEH-0045,2025-11-18,Powertrain,Rejected,528.85,0.0,58.0
CLAIM-00145,VEH-0710,2024-07-26,Electrical,Approved,290.82,266.56,40.0
CLAIM-00146,VEH-0635,2023-06-26,Powertrain,Pending,1042.02,,
CLAIM-00147,VEH-0855,2025-11-24,HVAC,Approved,4968.06,4081.3,19.0
CLAIM-00148,VEH-0121,2025-09-26,HVAC,Pending,451.25,,
CLAIM-00149,VEH-0287,2024-07-22,Powertrain,Approved,2365.45,2295.62,42.0
CLAIM-00150,VEH-0435,2025-12-31,HVAC,Rejected,570.99,0.0,15.0
CLAIM-00151,VEH-0141,2025-12-31,Powertrain,Approved,2027.63,1759.44,45.0
CLAIM-00152,VEH-0805,2025-04-23,HVAC,Pending,1857.88,,
CLAIM-00153,VEH-0814,2025-05-07,Powertrain,Approved,3557.72,3131.57,51.0
CLAIM-00154,VEH-0138,2025-08-06,Infotainment,Rejected,1131.68,0.0,10.0
CLAIM-00155,VEH-0748,2025-12-27,Electrical,Approved,489.32,448.97,10.0
CLAIM-00156,VEH-0653,2025-03-04,Body & Exterior,Pending,717.94,,
CLAIM-00157,VEH-0868,2025-11-12,Powertrain,Approved,1730.37,1495.02,46.0
CLAIM-00158,VEH-0497,2024-10-20,Body & Exterior,Approved,700.83,650.97,36.0
CLAIM-00159,VEH-0690,2025-04-25,Infotainment,Approved,4693.44,3951.66,42.0
CLAIM-00160,VEH-0953,2024-03-01,Electrical,Approved,2014.89,1750.97,3.0
CLAIM-00161,VEH-0963,2025-11-27,Powertrain,Pending,1335.69,,
CLAIM-00162,VEH-0696,2025-03-27,Brakes,Approved,4836.11,4626.92,29.0
CLAIM-00163,VEH-0928,2023-10-23,Body & Exterior,Pending,3751.88,,
CLAIM-00164,VEH-0717,2024-11-06,HVAC,Rejected,4794.52,0.0,56.0
CLAIM-00165,VEH-0343,2025-01-05,Infotainment,Approved,3937.71,3901.71,6.0
CLAIM-00166,VEH-0107,2025-11-13,Electrical,Pending,1739.33,,
CLAIM-00167,VEH-0610,2024-05-20,Powertrain,Approved,3059.22,3032.95,47.0
CLAIM-00168,VEH-0425,2025-02-05,Body & Exterior,Approved,3877.21,3591.49,22.0
CLAIM-00169,VEH-0733,2025-12-20,Electrical,Rejected,1752.18,0.0,31.0
CLAIM-00170,VEH-0117,2025-07-20,Body & Exterior,Approved,824.25,771.56,48.0
CLAIM-00171,VEH-0844,2025-08-17,HVAC,Approved,2014.38,1824.52,40.0
CLAIM-00172,VEH-0003,2025-09-19,Electrical,Approved,3871.59,3663.51,30.0
CLAIM-00173,VEH-0507,2025-04-21,Brakes,Approved,3803.29,3076.49,2.0
CLAIM-00174,VEH-0519,2025-05-07,Infotainment,Approved,4828.92,3923.79,60.0
CLAIM-00175,VEH-0356,2024-10-03,Powertrain,Pending,3082.93,,
CLAIM-00176,VEH-0496,2024-07-20,Brakes,Pending,1192.21,,
CLAIM-00177,VEH-0811,2025-09-24,Powertrain,Pending,4275.61,,
CLAIM-00178,VEH-0712,2025-07-28,Powertrain,Approved,121.0,102.35,53.0
CLAIM-00179,VEH-0778,2025-10-09,Electrical,Approved,111.03,89.88,52.0
CLAIM-00180,VEH-0739,2024-10-26,Electrical,Approved,4507.52,4453.35,33.0
CLAIM-00181,VEH-0829,2025-08-21,Infotainment,Rejected,3350.24,0.0,38.0
CLAIM-00182,VEH-0660,2025-01-09,Powertrain,Approved,2806.56,2682.89,60.0
CLAIM-00183,VEH-0246,2025-10-22,Powertrain,Approved,1710.08,1554.48,1.0
CLAIM-00184,VEH-0744,2025-11-26,Infotainment,Approved,1711.0,1452.84,2.0
CLAIM-00185,VEH-0705,2025-05-19,Body & Exterior,Approved,3772.11,3212.47,19.0
CLAIM-00186,VEH-0970,2025-10-20,Body & Exterior,Approved,893.12,790.67,11.0
CLAIM-00187,VEH-0418,2025-04-29,HVAC,Approved,4665.53,4021.21,45.0
CLAIM-00188,VEH-0254,2025-08-06,Powertrain,Rejected,473.51,0.0,56.0
CLAIM-00189,VEH-0175,2025-01-25,Powertrain,Pending,116.31,,
CLAIM-00190,VEH-0447,2025-02-26,Brakes,Rejected,3992.69,0.0,12.0
CLAIM-00191,VEH-0108,2024-12-18,HVAC,Rejected,1753.9,0.0,50.0
CLAIM-00192,VEH-0919,2025-12-14,Brakes,Approved,698.28,651.91,51.0
CLAIM-00193,VEH-0435,2025-01-10,Powertrain,Approved,550.95,460.2,35.0
CLAIM-00194,VEH-0689,2025-04-09,HVAC,Rejected,4563.51,0.0,52.0
CLAIM-00195,VEH-0672,2024-06-09,Brakes,Pending,895.23,,
CLAIM-00196,VEH-0064,2024-08-26,Body & Exterior,Approved,3478.7,2918.05,23.0
CLAIM-00197,VEH-0489,2023-04-15,Electrical,Approved,2007.46,1909.8,52.0
CLAIM-00198,VEH-0224,2025-05-16,Powertrain,Rejected,2072.05,0.0,13.0
CLAIM-00199,VEH-0702,2025-09-25,Electrical,Rejected,3763.9,0.0,48.0
CLAIM-00200,VEH-0322,2025-04-16,Infotainment,Pending,4675.6,,
CLAIM-00201,VEH-0501,2025-09-21,Body & Exterior,Rejected,1997.65,0.0,24.0
CLAIM-00202,VEH-0748,2025-12-11,Powertrain,Pending,278.26,,
CLAIM-00203,VEH-0369,2023-05-20,Brakes,Approved,183.89,171.55,42.0
CLAIM-00204,VEH-0118,2024-05-08,Infotainment,Approved,4203.84,4178.27,6.0
CLAIM-00205,VEH-0645,2024-09-18,HVAC,Pending,3013.78,,
CLAIM-00206,VEH-0986,2023-05-12,HVAC,Approved,2419.81,2203.76,47.0
CLAIM-00207,VEH-0556,2025-07-12,Body & Exterior,Approved,3162.24,2550.33,21.0
CLAIM-00208,VEH-0205,2024-06-04,Electrical,Approved,4128.61,3545.2,4.0
CLAIM-00209,VEH-0897,2025-04-01,Body & Exterior,Rejected,4992.18,0.0,17.0
CLAIM-00210,VEH-0939,2025-11-19,Infotainment,Pending,1475.27,,
CLAIM-00211,VEH-0892,2025-12-31,Brakes,Approved,2701.72,2201.96,48.0
CLAIM-00212,VEH-0908,2025-02-20,Powertrain,Approved,228.12,195.51,46.0
CLAIM-00213,VEH-0866,2025-01-17,HVAC,Pending,4663.91,,
CLAIM-00214,VEH-0519,2023-08-17,Brakes,Approved,566.27,482.94,21.0
CLAIM-00215,VEH-0355,2024-05-12,Powertrain,Approved,1140.32,1094.79,4.0
CLAIM-00216,VEH-0330,2025-04-13,Electrical,Approved,3827.11,3639.46,52.0
CLAIM-00217,VEH-0969,2025-08-15,Brakes,Approved,2929.07,2747.75,59.0
CLAIM-00218,VEH-0465,2025-05-17,Infotainment,Rejected,592.14,0.0,49.0
CLAIM-00219,VEH-0723,2022-12-20,Brakes,Approved,4402.02,3603.46,18.0
CLAIM-00220,VEH-0820,2024-08-26,Electrical,Approved,562.14,555.92,7.0
CLAIM-00221,VEH-0504,2025-12-16,Electrical,Approved,4066.55,3583.43,17.0
CLAIM-00222,VEH-0622,2024-01-24,Electrical,Approved,2849.83,2732.48,22.0
CLAIM-00223,VEH-0435,2025-02-23,Electrical,Approved,4599.0,4323.7,41.0
CLAIM-00224,VEH-0357,2025-11-15,Powertrain,Approved,1170.25,1101.95,48.0
CLAIM-00225,VEH-0998,2025-11-14,Infotainment,Pending,2597.45,,
CLAIM-00226,VEH-0807,2023-05-21,HVAC,Rejected,4387.86,0.0,51.0
CLAIM-00227,VEH-0487,2023-07-04,HVAC,Approved,1265.77,1121.4,43.0
CLAIM-00228,VEH-0423,2024-08-18,Infotainment,Approved,2686.13,2333.85,38.0
CLAIM-00229,VEH-0641,2025-09-17,Powertrain,Pending,1509.55,,
CLAIM-00230,VEH-0679,2025-06-26,Infotainment,Pending,710.78,,
CLAIM-00231,VEH-0606,2025-03-30,Electrical,Rejected,2538.62,0.0,26.0
CLAIM-00232,VEH-0372,2025-11-18,Powertrain,Approved,1339.39,1105.85,53.0
CLAIM-00233,VEH-0236,2025-11-19,Body & Exterior,Approved,4839.15,4112.1,3.0
CLAIM-00234,VEH-0438,2024-01-08,Body & Exterior,Pending,3749.91,,
CLAIM-00235,VEH-0544,2025-05-25,Powertrain,Rejected,751.51,0.0,18.0
CLAIM-00236,VEH-0551,2024-05-26,Body & Exterior,Approved,3294.08,3107.79,1.0
CLAIM-00237,VEH-0004,2025-03-15,Body & Exterior,Approved,1111.03,920.91,42.0
CLAIM-00238,VEH-0626,2023-04-21,Infotainment,Pending,1693.05,,
CLAIM-00239,VEH-0988,2025-03-01,Infotainment,Rejected,3433.54,0.0,43.0
CLAIM-00240,VEH-0106,2024-10-22,Infotainment,Pending,814.99,,
CLAIM-00241,VEH-0633,2025-06-24,Powertrain,Approved,3362.7,3326.9,32.0
CLAIM-00242,VEH-0286,2025-10-05,Brakes,Pending,2243.51,,
CLAIM-00243,VEH-0793,2024-10-28,Electrical,Approved,877.16,838.81,48.0
CLAIM-00244,VEH-0891,2025-04-20,Brakes,Approved,1098.82,903.32,10.0
CLAIM-00245,VEH-0339,2024-07-29,HVAC,Approved,2188.15,1756.55,5.0
CLAIM-00246,VEH-0265,2025-08-21,Powertrain,Approved,1585.66,1339.67,45.0
CLAIM-00247,VEH-0194,2024-09-13,Brakes,Pending,4821.19,,
CLAIM-00248,VEH-0750,2023-11-11,Powertrain,Approved,2246.83,1857.45,42.0
CLAIM-00249,VEH-0625,2025-10-26,Body & Exterior,Approved,4933.82,4491.5,60.0
CLAIM-00250,VEH-0325,2023-09-30,Body & Exterior,Approved,3634.09,3286.69,7.0
CLAIM-00251,VEH-0236,2024-11-06,Brakes,Pending,2630.75,,
CLAIM-00252,VEH-0416,2025-04-07,Powertrain,Approved,2879.06,2812.73,58.0
CLAIM-00253,VEH-0433,2025-07-03,HVAC,Approved,1297.04,1286.06,55.0
CLAIM-00254,VEH-0154,2025-08-29,Body & Exterior,Approved,4629.71,4557.33,32.0
CLAIM-00255,VEH-0971,2025-11-21,Body & Exterior,Approved,4797.25,4151.9,50.0
CLAIM-00256,VEH-0817,2025-05-26,Powertrain,Approved,1772.35,1588.39,7.0
CLAIM-00257,VEH-0704,2024-11-14,Body & Exterior,Rejected,2181.76,0.0,52.0
CLAIM-00258,VEH-0697,2024-08-11,HVAC,Approved,3181.35,2971.28,37.0
CLAIM-00259,VEH-0812,2024-11-30,Powertrain,Approved,2412.09,2024.36,21.0
CLAIM-00260,VEH-0143,2023-08-02,Powertrain,Pending,1848.72,,
CLAIM-00261,VEH-0263,2025-11-10,Electrical,Approved,1215.13,1204.8,45.0
CLAIM-00262,VEH-0820,2024-09-20,Electrical,Approved,4490.03,3799.74,14.0
CLAIM-00263,VEH-0625,2025-10-07,Body & Exterior,Approved,4980.18,4056.46,36.0
CLAIM-00264,VEH-0130,2025-10-01,Powertrain,Rejected,1181.59,0.0,14.0
CLAIM-00265,VEH-0618,2025-02-21,Infotainment,Approved,1356.64,1334.45,8.0
CLAIM-00266,VEH-0871,2024-04-29,Powertrain,Rejected,4460.03,0.0,6.0
CLAIM-00267,VEH-0874,2025-09-29,Electrical,Pending,3097.69,,
CLAIM-00268,VEH-0691,2025-10-16,Powertrain,Approved,3031.78,2878.02,3.0
CLAIM-00269,VEH-0593,2025-05-09,Body & Exterior,Rejected,2751.27,0.0,49.0
CLAIM-00270,VEH-0866,2025-11-22,Infotainment,Rejected,4638.52,0.0,53.0
CLAIM-00271,VEH-0116,2024-12-15,Electrical,Rejected,4448.59,0.0,6.0
CLAIM-00272,VEH-0782,2025-04-23,Infotainment,Approved,4631.57,3962.47,45.0
CLAIM-00273,VEH-0452,2024-06-08,HVAC,Pending,3791.3,,
CLAIM-00274,VEH-0206,2025-10-27,Electrical,Approved,577.8,534.72,43.0
CLAIM-00275,VEH-0577,2024-05-06,Electrical,Approved,4129.34,3496.91,47.0
CLAIM-00276,VEH-0546,2025-09-04,Infotainment,Approved,1124.45,929.39,4.0
CLAIM-00277,VEH-0139,2025-08-04,Body & Exterior,Approved,3131.37,2524.82,59.0
CLAIM-00278,VEH-0907,2025-10-03,Brakes,Approved,3172.94,3096.9,54.0
CLAIM-00279,VEH-0435,2025-11-15,Powertrain,Approved,3470.79,3355.3,31.0
CLAIM-00280,VEH-0027,2025-02-26,Body & Exterior,Approved,1935.22,1754.48,54.0
CLAIM-00281,VEH-0246,2025-11-07,Powertrain,Approved,3845.65,3239.41,27.0
CLAIM-00282,VEH-0647,2023-07-12,Body & Exterior,Approved,3528.47,2940.05,34.0
CLAIM-00283,VEH-0544,2025-10-04,HVAC,Pending,871.25,,
CLAIM-00284,VEH-0004,2025-05-15,Infotainment,Rejected,1156.38,0.0,28.0
CLAIM-00285,VEH-0325,2023-11-25,Brakes,Rejected,3994.11,0.0,21.0
CLAIM-00286,VEH-0437,2024-05-30,Electrical,Rejected,4638.44,0.0,13.0
CLAIM-00287,VEH-0967,2025-03-17,Electrical,Approved,3885.53,3469.68,56.0
CLAIM-00288,VEH-0492,2025-10-26,Powertrain,Approved,3503.14,3433.66,48.0
CLAIM-00289,VEH-0146,2025-11-30,Infotainment,Pending,654.51,,
CLAIM-00290,VEH-0425,2025-09-13,Body & Exterior,Pending,2945.25,,
CLAIM-00291,VEH-0213,2024-03-12,Powertrain,Approved,980.98,956.61,16.0
CLAIM-00292,VEH-0954,2025-10-01,Electrical,Approved,4305.69,3912.73,16.0
CLAIM-00293,VEH-0289,2024-11-18,Brakes,Approved,1761.65,1598.72,17.0
CLAIM-00294,VEH-0519,2024-12-04,Infotainment,Approved,4157.74,3362.8,55.0
CLAIM-00295,VEH-0252,2025-07-21,Body & Exterior,Approved,4034.06,3405.16,6.0
CLAIM-00296,VEH-0318,2025-12-04,Body & Exterior,Approved,2267.5,2005.43,35.0
CLAIM-00297,VEH-0908,2024-07-10,Powertrain,Rejected,1677.03,0.0,44.0
CLAIM-00298,VEH-0188,2025-03-29,Electrical,Pending,1754.64,,
CLAIM-00299,VEH-0172,2025-03-27,Body & Exterior,Rejected,3898.99,0.0,2.0
CLAIM-00300,VEH-0870,2025-12-20,Brakes,Pending,248.7,,
CLAIM-00301,VEH-0116,2024-10-23,HVAC,Rejected,4059.06,0.0,6.0
CLAIM-00302,VEH-0506,2025-04-26,Electrical,Rejected,2455.82,0.0,29.0
CLAIM-00303,VEH-0606,2025-12-26,Electrical,Pending,3272.98,,
CLAIM-00304,VEH-0410,2025-12-20,Electrical,Rejected,4846.35,0.0,47.0
CLAIM-00305,VEH-0145,2024-03-06,Body & Exterior,Pending,1632.94,,
CLAIM-00306,VEH-0586,2024-05-18,Brakes,Rejected,2569.7,0.0,49.0
CLAIM-00307,VEH-0227,2025-02-09,HVAC,Approved,516.7,497.35,43.0
CLAIM-00308,VEH-0013,2025-03-13,Electrical,Approved,1507.2,1363.18,10.0
CLAIM-00309,VEH-0367,2025-01-29,HVAC,Pending,1515.99,,
CLAIM-00310,VEH-0688,2023-12-26,Infotainment,Approved,2397.48,2161.16,2.0
CLAIM-00311,VEH-0074,2025-09-04,Powertrain,Approved,113.7,96.9,25.0
CLAIM-00312,VEH-0375,2025-03-21,Body & Exterior,Rejected,534.57,0.0,34.0
CLAIM-00313,VEH-0360,2024-09-13,Powertrain,Approved,2085.4,1903.14,27.0
CLAIM-00314,VEH-0635,2023-11-25,Brakes,Rejected,2607.24,0.0,24.0
CLAIM-00315,VEH-0284,2025-11-04,HVAC,Approved,1619.62,1350.84,25.0
CLAIM-00316,VEH-0039,2022-11-19,Infotainment,Approved,292.94,261.87,14.0
CLAIM-00317,VEH-0841,2024-03-03,HVAC,Approved,4294.53,3915.12,23.0
CLAIM-00318,VEH-0631,2024-05-04,HVAC,Rejected,3915.21,0.0,12.0
CLAIM-00319,VEH-0591,2025-02-08,Electrical,Approved,1412.27,1143.09,56.0
CLAIM-00320,VEH-0639,2025-10-08,HVAC,Approved,2690.02,2630.95,48.0
CLAIM-00321,VEH-0231,2024-07-14,Body & Exterior,Approved,3693.1,3665.14,12.0
CLAIM-00322,VEH-0613,2025-06-09,Powertrain,Pending,2542.39,,
CLAIM-00323,VEH-0763,2025-08-15,Body & Exterior,Approved,3619.09,3031.12,5.0
CLAIM-00324,VEH-0540,2024-10-31,Body & Exterior,Approved,858.82,698.31,26.0
CLAIM-00325,VEH-0945,2025-03-19,Body & Exterior,Rejected,2656.45,0.0,43.0
CLAIM-00326,VEH-0359,2025-10-15,Powertrain,Rejected,2097.44,0.0,2.0
CLAIM-00327,VEH-0594,2024-08-15,Powertrain,Pending,3806.75,,
CLAIM-00328,VEH-0708,2025-03-11,Infotainment,Rejected,4240.69,0.0,14.0
CLAIM-00329,VEH-0934,2023-09-22,Electrical,Approved,3913.64,3195.23,53.0
CLAIM-00330,VEH-0829,2025-10-03,Brakes,Approved,4912.82,4313.34,49.0
CLAIM-00331,VEH-0470,2024-11-11,Electrical,Rejected,4344.74,0.0,12.0
CLAIM-00332,VEH-0160,2025-05-08,Brakes,Rejected,3633.51,0.0,22.0
CLAIM-00333,VEH-0513,2025-10-19,Body & Exterior,Rejected,1539.78,0.0,2.0
CLAIM-00334,VEH-0284,2025-11-08,Brakes,Approved,1948.63,1719.16,56.0
CLAIM-00335,VEH-0218,2024-07-20,Electrical,Approved,4803.86,4352.64,50.0
CLAIM-00336,VEH-0693,2025-05-20,HVAC,Rejected,1905.02,0.0,45.0
CLAIM-00337,VEH-0890,2025-06-21,Body & Exterior,Approved,4169.04,3564.89,9.0
CLAIM-00338,VEH-0466,2024-08-25,Body & Exterior,Rejected,3516.23,0.0,45.0
CLAIM-00339,VEH-0723,2024-08-24,Brakes,Approved,3465.45,2812.23,16.0
CLAIM-00340,VEH-0627,2025-02-03,Brakes,Pending,1123.79,,
CLAIM-00341,VEH-0588,2025-02-05,Brakes,Pending,1362.81,,
CLAIM-00342,VEH-0948,2025-10-10,Powertrain,Rejected,2034.13,0.0,52.0
CLAIM-00343,VEH-0107,2025-08-17,Body & Exterior,Pending,541.28,,
CLAIM-00344,VEH-0152,2025-08-03,Electrical,Approved,2385.61,2327.69,35.0
CLAIM-00345,VEH-0445,2023-05-27,HVAC,Rejected,1073.23,0.0,6.0
CLAIM-00346,VEH-0109,2025-09-01,Powertrain,Rejected,2513.65,0.0,26.0
CLAIM-00347,VEH-0363,2025-06-23,Infotainment,Pending,292.13,,
CLAIM-00348,VEH-0236,2024-03-08,HVAC,Rejected,4785.43,0.0,49.0
CLAIM-00349,VEH-0541,2025-09-01,Electrical,Approved,4812.33,4804.07,30.0
CLAIM-00350,VEH-0430,2025-11-04,Body & Exterior,Pending,3916.68,,
CLAIM-00351,VEH-0544,2025-04-23,Electrical,Approved,1005.66,969.53,38.0
CLAIM-00352,VEH-0660,2024-09-22,HVAC,Approved,2133.61,1941.47,34.0
CLAIM-00353,VEH-0503,2025-06-01,Body & Exterior,Approved,1948.73,1743.05,32.0
CLAIM-00354,VEH-0964,2024-05-28,HVAC,Rejected,4132.9,0.0,8.0
CLAIM-00355,VEH-0111,2025-06-20,Body & Exterior,Pending,4423.18,,
CLAIM-00356,VEH-0032,2025-07-19,Electrical,Approved,3087.74,2683.74,5.0
CLAIM-00357,VEH-0961,2025-03-06,HVAC,Rejected,4061.72,0.0,41.0
CLAIM-00358,VEH-0531,2025-11-04,HVAC,Approved,1531.99,1296.48,31.0
CLAIM-00359,VEH-0325,2024-11-09,Infotainment,Pending,2974.13,,
CLAIM-00360,VEH-0839,2024-12-19,HVAC,Approved,3642.47,3599.93,39.0
CLAIM-00361,VEH-0720,2025-09-17,Brakes,Approved,1276.7,1091.58,27.0
CLAIM-00362,VEH-0637,2023-03-09,Body & Exterior,Approved,4675.51,4390.69,19.0
CLAIM-00363,VEH-0426,2025-01-01,Brakes,Approved,2095.51,1989.54,41.0
CLAIM-00364,VEH-0154,2023-12-31,Infotainment,Rejected,1753.71,0.0,60.0
CLAIM-00365,VEH-0825,2025-07-25,HVAC,Approved,4834.81,4587.03,45.0
CLAIM-00366,VEH-0559,2023-08-30,Electrical,Approved,731.05,698.93,3.0
CLAIM-00367,VEH-0007,2023-10-10,Powertrain,Pending,371.4,,
CLAIM-00368,VEH-0539,2025-10-06,Electrical,Approved,4434.24,3625.77,25.0
CLAIM-00369,VEH-0926,2025-06-11,Body & Exterior,Rejected,456.13,0.0,14.0
CLAIM-00370,VEH-0879,2022-12-04,Brakes,Pending,3861.21,,
CLAIM-00371,VEH-0024,2024-08-07,Powertrain,Approved,4105.25,3702.18,28.0
CLAIM-00372,VEH-0065,2025-09-07,HVAC,Approved,4252.42,3762.94,42.0
CLAIM-00373,VEH-0978,2025-12-20,Brakes,Approved,1133.21,1025.44,19.0
CLAIM-00374,VEH-0317,2024-08-21,HVAC,Approved,1589.63,1448.0,29.0
CLAIM-00375,VEH-0782,2025-09-12,Body & Exterior,Approved,1562.36,1398.9,59.0
CLAIM-00376,VEH-0124,2025-12-24,Infotainment,Rejected,2690.18,0.0,3.0
CLAIM-00377,VEH-0954,2023-10-20,Electrical,Approved,1934.08,1827.26,7.0
CLAIM-00378,VEH-0971,2025-01-01,Electrical,Approved,3500.44,3224.38,33.0
CLAIM-00379,VEH-0692,2024-03-30,Electrical,Pending,2946.13,,
CLAIM-00380,VEH-0941,2025-08-28,Infotainment,Approved,990.71,795.69,17.0
CLAIM-00381,VEH-0960,2025-12-30,HVAC,Pending,2073.99,,
CLAIM-00382,VEH-0266,2025-12-05,HVAC,Approved,4718.7,4172.03,37.0
CLAIM-00383,VEH-0078,2024-12-17,HVAC,Pending,3318.18,,
CLAIM-00384,VEH-0898,2025-06-22,Brakes,Approved,2658.84,2204.27,38.0
CLAIM-00385,VEH-0577,2024-08-26,Powertrain,Rejected,2886.93,0.0,22.0
CLAIM-00386,VEH-0079,2025-08-05,Brakes,Approved,204.24,183.83,37.0
CLAIM-00387,VEH-0038,2025-03-24,Powertrain,Rejected,4298.49,0.0,57.0
CLAIM-00388,VEH-0125,2025-03-17,Powertrain,Approved,4212.01,4049.49,19.0
CLAIM-00389,VEH-0003,2024-05-25,HVAC,Rejected,2206.39,0.0,36.0
CLAIM-00390,VEH-0813,2023-10-11,Infotainment,Approved,3528.42,3521.38,10.0
CLAIM-00391,VEH-0625,2025-07-28,Infotainment,Rejected,2340.19,0.0,58.0
CLAIM-00392,VEH-0750,2023-02-18,Powertrain,Rejected,952.18,0.0,20.0
CLAIM-00393,VEH-0762,2025-07-27,HVAC,Approved,1179.95,1102.11,59.0
CLAIM-00394,VEH-0992,2025-02-08,HVAC,Rejected,4502.76,0.0,9.0
CLAIM-00395,VEH-0908,2025-11-14,Brakes,Rejected,4196.26,0.0,53.0
CLAIM-00396,VEH-0075,2024-08-17,Body & Exterior,Pending,4804.1,,
CLAIM-00397,VEH-0626,2023-04-10,HVAC,Pending,4521.02,,
CLAIM-00398,VEH-0425,2025-10-23,Powertrain,Approved,2791.34,2707.03,26.0
CLAIM-00399,VEH-0175,2025-09-22,Powertrain,Rejected,2768.05,0.0,28.0
CLAIM-00400,VEH-0447,2025-12-28,Infotainment,Approved,3939.64,3453.04,23.0
CLAIM-00401,VEH-0137,2024-12-25,Powertrain,Rejected,4624.96,0.0,1.0
CLAIM-00402,VEH-0137,2025-06-02,Body & Exterior,Approved,2187.17,2043.7,57.0
CLAIM-00403,VEH-0835,2024-10-12,Brakes,Rejected,4055.44,0.0,37.0
CLAIM-00404,VEH-0846,2024-12-10,Brakes,Pending,3777.07,,
CLAIM-00405,VEH-0714,2025-01-22,Powertrain,Rejected,2053.49,0.0,16.0
CLAIM-00406,VEH-0502,2025-10-25,HVAC,Rejected,1622.64,0.0,18.0
CLAIM-00407,VEH-0485,2024-09-09,Powertrain,Pending,4179.4,,
CLAIM-00408,VEH-0798,2025-10-11,Body & Exterior,Rejected,104.79,0.0,55.0
CLAIM-00409,VEH-0326,2025-05-02,Electrical,Approved,2014.3,1968.07,4.0
CLAIM-00410,VEH-0330,2025-01-21,HVAC,Pending,3839.94,,
CLAIM-00411,VEH-0905,2025-02-24,Brakes,Approved,3374.74,3249.41,53.0
CLAIM-00412,VEH-0113,2025-03-02,HVAC,Approved,424.49,384.4,42.0
CLAIM-00413,VEH-0628,2025-06-07,Body & Exterior,Approved,3186.32,2595.68,21.0
CLAIM-00414,VEH-0010,2025-04-21,HVAC,Approved,3890.91,3784.22,13.0
CLAIM-00415,VEH-0981,2025-07-19,Electrical,Rejected,3172.19,0.0,47.0
CLAIM-00416,VEH-0457,2024-11-17,Infotainment,Approved,1471.02,1181.76,29.0
CLAIM-00417,VEH-0668,2025-08-30,Infotainment,Approved,2014.62,1635.14,57.0
CLAIM-00418,VEH-0328,2024-02-08,Infotainment,Rejected,3838.54,0.0,43.0
CLAIM-00419,VEH-0252,2023-07-27,Electrical,Approved,1788.3,1629.31,48.0
CLAIM-00420,VEH-0973,2025-07-22,Infotainment,Rejected,4147.43,0.0,60.0
CLAIM-00421,VEH-0495,2024-11-29,HVAC,Pending,2870.56,,
CLAIM-00422,VEH-0289,2023-07-24,Infotainment,Rejected,1391.37,0.0,60.0
CLAIM-00423,VEH-0193,2025-10-15,Powertrain,Rejected,1387.72,0.0,13.0
CLAIM-00424,VEH-0878,2025-08-27,Brakes,Approved,537.02,443.86,23.0
CLAIM-00425,VEH-0239,2025-08-12,Infotainment,Pending,1092.83,,
CLAIM-00426,VEH-0382,2023-11-12,Powertrain,Approved,4643.12,4145.61,55.0
CLAIM-00427,VEH-0508,2024-12-21,Powertrain,Rejected,485.11,0.0,1.0
CLAIM-00428,VEH-0909,2024-08-13,HVAC,Approved,3776.65,3201.07,43.0
CLAIM-00429,VEH-0501,2025-05-21,Brakes,Approved,2529.17,2313.4,25.0
CLAIM-00430,VEH-0714,2024-11-11,HVAC,Approved,2292.7,2242.9,19.0
CLAIM-00431,VEH-0076,2025-08-14,HVAC,Approved,341.0,338.36,21.0
CLAIM-00432,VEH-0990,2024-11-16,Electrical,Approved,2038.38,1838.73,28.0
CLAIM-00433,VEH-0319,2023-11-12,Body & Exterior,Approved,359.21,319.82,17.0
CLAIM-00434,VEH-0404,2025-07-19,Infotainment,Approved,2717.49,2678.19,48.0
CLAIM-00435,VEH-0562,2025-08-06,Powertrain,Rejected,934.56,0.0,5.0
CLAIM-00436,VEH-0300,2023-12-05,Infotainment,Pending,3231.41,,
CLAIM-00437,VEH-0399,2025-07-15,Infotainment,Approved,1047.59,946.9,11.0
CLAIM-00438,VEH-0678,2025-06-08,Body & Exterior,Approved,3699.29,3322.93,44.0
CLAIM-00439,VEH-0556,2025-02-04,Powertrain,Approved,3813.6,3711.84,56.0
CLAIM-00440,VEH-0461,2025-11-05,HVAC,Approved,663.43,599.12,44.0
CLAIM-00441,VEH-0077,2024-10-13,Infotainment,Approved,1758.51,1608.13,48.0
CLAIM-00442,VEH-0180,2023-04-07,Body & Exterior,Approved,3543.81,3221.04,28.0
CLAIM-00443,VEH-0576,2025-09-25,Infotainment,Rejected,4972.89,0.0,31.0
CLAIM-00444,VEH-0414,2025-11-07,Infotainment,Approved,4318.43,3883.53,34.0
CLAIM-00445,VEH-0751,2025-10-07,Electrical,Pending,4314.5,,
CLAIM-00446,VEH-0971,2024-12-21,Powertrain,Rejected,1942.97,0.0,6.0
CLAIM-00447,VEH-0523,2025-09-22,Body & Exterior,Pending,984.2,,
CLAIM-00448,VEH-0641,2025-08-16,Body & Exterior,Approved,880.16,878.78,56.0
CLAIM-00449,VEH-0831,2025-12-26,Infotainment,Approved,3908.7,3548.38,60.0
CLAIM-00450,VEH-0886,2024-06-19,Powertrain,Rejected,2084.18,0.0,47.0
CLAIM-00451,VEH-0226,2024-07-11,HVAC,Approved,3873.44,3233.71,9.0
CLAIM-00452,VEH-0342,2025-03-18,Electrical,Approved,4847.69,4610.12,36.0
CLAIM-00453,VEH-0677,2025-06-23,HVAC,Approved,3441.12,2914.78,39.0
CLAIM-00454,VEH-0358,2025-11-27,Powertrain,Approved,2778.96,2232.15,9.0
CLAIM-00455,VEH-0673,2022-12-23,HVAC,Pending,4012.09,,
CLAIM-00456,VEH-0267,2025-04-26,HVAC,Rejected,3345.34,0.0,28.0
CLAIM-00457,VEH-0070,2025-07-31,Brakes,Approved,3487.89,3144.24,42.0
CLAIM-00458,VEH-0937,2025-10-11,HVAC,Approved,3067.43,2973.04,33.0
CLAIM-00459,VEH-0246,2025-05-09,Infotainment,Rejected,1489.47,0.0,41.0
CLAIM-00460,VEH-0885,2025-09-14,Electrical,Approved,4815.91,4576.25,45.0
CLAIM-00461,VEH-0385,2025-05-08,HVAC,Approved,1849.0,1545.41,26.0
CLAIM-00462,VEH-0626,2025-02-13,Body & Exterior,Approved,1060.34,1011.38,12.0
CLAIM-00463,VEH-0125,2024-12-23,Infotainment,Pending,2314.83,,
CLAIM-00464,VEH-0045,2025-09-07,Body & Exterior,Pending,411.06,,
CLAIM-00465,VEH-0576,2025-10-25,Powertrain,Approved,2707.77,2374.43,55.0
CLAIM-00466,VEH-0909,2025-04-20,Powertrain,Approved,2238.68,2013.57,54.0
CLAIM-00467,VEH-0955,2025-10-31,Body & Exterior,Approved,2926.34,2630.14,3.0
CLAIM-00468,VEH-0217,2025-12-06,HVAC,Rejected,1659.44,0.0,1.0
CLAIM-00469,VEH-0073,2025-06-20,Powertrain,Rejected,3443.46,0.0,24.0
CLAIM-00470,VEH-0592,2024-01-19,Body & Exterior,Rejected,4426.8,0.0,58.0
CLAIM-00471,VEH-0949,2025-12-03,HVAC,Approved,4972.92,4357.21,22.0
CLAIM-00472,VEH-0254,2025-10-16,Powertrain,Approved,287.75,268.93,18.0
CLAIM-00473,VEH-0622,2025-02-19,Brakes,Approved,3757.72,3646.85,17.0
CLAIM-00474,VEH-0665,2025-04-15,HVAC,Pending,2026.55,,
CLAIM-00475,VEH-0609,2024-08-10,Brakes,Approved,1829.8,1762.18,12.0
CLAIM-00476,VEH-0076,2025-11-07,Body & Exterior,Approved,4763.04,4461.56,37.0
CLAIM-00477,VEH-0953,2024-10-28,Powertrain,Rejected,4168.51,0.0,56.0
CLAIM-00478,VEH-0236,2024-08-19,Electrical,Approved,4517.44,4131.28,22.0
CLAIM-00479,VEH-0989,2025-08-06,Brakes,Approved,490.07,458.76,12.0
CLAIM-00480,VEH-0938,2024-10-27,Infotainment,Rejected,3639.86,0.0,12.0
CLAIM-00481,VEH-0289,2025-12-07,HVAC,Pending,2006.48,,
CLAIM-00482,VEH-0314,2024-03-11,Powertrain,Approved,2986.71,2908.06,22.0
CLAIM-00483,VEH-0817,2025-05-14,Electrical,Rejected,3463.54,0.0,15.0
CLAIM-00484,VEH-0401,2025-09-03,HVAC,Pending,2571.96,,
CLAIM-00485,VEH-0589,2025-08-19,Infotainment,Approved,1892.44,1874.13,34.0
CLAIM-00486,VEH-0469,2024-11-29,HVAC,Pending,4752.93,,
CLAIM-00487,VEH-0263,2024-09-10,Body & Exterior,Approved,1670.16,1499.06,19.0
CLAIM-00488,VEH-0542,2025-05-01,Electrical,Approved,1051.38,973.18,57.0
CLAIM-00489,VEH-0981,2025-12-08,Electrical,Pending,465.1,,
CLAIM-00490,VEH-0428,2025-10-03,Body & Exterior,Approved,907.59,762.22,22.0
CLAIM-00491,VEH-0393,2024-11-30,Brakes,Approved,3987.91,3258.93,14.0
CLAIM-00492,VEH-0186,2025-04-05,Brakes,Approved,1693.71,1508.65,53.0
CLAIM-00493,VEH-0383,2025-03-08,HVAC,Approved,1161.32,969.36,57.0
CLAIM-00494,VEH-0628,2025-05-05,HVAC,Pending,2431.69,,
CLAIM-00495,VEH-0631,2024-07-25,Electrical,Approved,2188.63,2123.65,2.0
CLAIM-00496,VEH-0068,2024-06-19,Body & Exterior,Pending,833.46,,
CLAIM-00497,VEH-0245,2023-02-25,Brakes,Approved,3871.82,3164.93,12.0
CLAIM-00498,VEH-0407,2025-08-06,Body & Exterior,Approved,2693.14,2691.84,38.0
CLAIM-00499,VEH-0950,2025-03-11,Powertrain,Approved,394.7,373.58,49.0
CLAIM-00500,VEH-0166,2024-09-09,HVAC,Approved,1868.83,1582.9,34.0
CLAIM-00501,VEH-0904,2024-10-25,Powertrain,Pending,1806.75,,
CLAIM-00502,VEH-0576,2025-05-12,Infotainment,Pending,2831.29,,
CLAIM-00503,VEH-0606,2025-06-21,HVAC,Approved,1689.83,1613.09,27.0
CLAIM-00504,VEH-0557,2025-12-30,Powertrain,Approved,2266.79,1948.83,9.0
CLAIM-00505,VEH-0721,2025-08-26,Body & Exterior,Rejected,2600.02,0.0,58.0
CLAIM-00506,VEH-0748,2025-12-26,Infotainment,Approved,3197.64,3026.81,24.0
CLAIM-00507,VEH-0215,2024-02-26,Brakes,Rejected,4223.72,0.0,12.0
CLAIM-00508,VEH-0560,2025-10-19,Electrical,Approved,4794.23,4708.4,52.0
CLAIM-00509,VEH-0922,2025-05-26,Electrical,Pending,224.44,,
CLAIM-00510,VEH-0448,2025-11-30,Body & Exterior,Approved,864.12,744.33,15.0
CLAIM-00511,VEH-0156,2025-12-08,Powertrain,Rejected,1237.24,0.0,9.0
CLAIM-00512,VEH-0112,2025-10-03,Electrical,Pending,4427.11,,
CLAIM-00513,VEH-0898,2024-09-28,Electrical,Pending,439.29,,
CLAIM-00514,VEH-0884,2025-11-06,Body & Exterior,Approved,265.57,223.3,28.0
CLAIM-00515,VEH-0797,2025-05-19,Brakes,Rejected,3441.78,0.0,20.0
CLAIM-00516,VEH-0958,2025-10-18,Infotainment,Pending,2671.48,,
CLAIM-00517,VEH-0577,2024-08-28,Infotainment,Approved,4975.99,4469.07,55.0
CLAIM-00518,VEH-0913,2024-11-04,Body & Exterior,Approved,4504.46,4314.22,19.0
CLAIM-00519,VEH-0410,2025-10-07,HVAC,Approved,3759.81,3105.4,48.0
CLAIM-00520,VEH-0134,2025-11-24,Electrical,Approved,1907.29,1605.61,34.0
CLAIM-00521,VEH-0009,2024-05-27,HVAC,Pending,947.08,,
CLAIM-00522,VEH-0034,2025-10-31,Powertrain,Pending,3711.53,,
CLAIM-00523,VEH-0388,2024-12-01,Body & Exterior,Approved,3072.24,2997.69,1.0
CLAIM-00524,VEH-0632,2024-09-08,Body & Exterior,Rejected,389.02,0.0,1.0
CLAIM-00525,VEH-0387,2023-08-09,Powertrain,Approved,2135.3,1917.3,46.0
CLAIM-00526,VEH-0466,2024-11-23,Infotainment,Approved,218.7,182.18,26.0
CLAIM-00527,VEH-0249,2025-11-06,Powertrain,Rejected,3359.27,0.0,51.0
CLAIM-00528,VEH-0348,2024-10-01,Brakes,Pending,2452.39,,
CLAIM-00529,VEH-0716,2025-02-23,Body & Exterior,Rejected,1879.62,0.0,18.0
CLAIM-00530,VEH-0939,2025-12-02,Electrical,Approved,858.3,784.7,21.0
CLAIM-00531,VEH-0699,2024-07-06,Body & Exterior,Rejected,2603.55,0.0,48.0
CLAIM-00532,VEH-0181,2025-06-08,Electrical,Approved,3322.62,2818.31,26.0
CLAIM-00533,VEH-0534,2023-11-29,Electrical,Approved,990.1,879.12,42.0
CLAIM-00534,VEH-0690,2024-08-02,Infotainment,Approved,2340.12,1972.75,51.0
CLAIM-00535,VEH-0786,2025-01-17,Powertrain,Pending,3311.44,,
CLAIM-00536,VEH-0680,2024-08-30,HVAC,Approved,945.46,865.41,59.0
CLAIM-00537,VEH-0185,2024-02-19,Electrical,Rejected,4419.64,0.0,47.0
CLAIM-00538,VEH-0803,2025-09-30,HVAC,Rejected,3320.51,0.0,5.0
CLAIM-00539,VEH-0123,2025-09-23,Powertrain,Approved,2810.37,2329.16,21.0
CLAIM-00540,VEH-0735,2025-11-27,HVAC,Approved,4824.34,4621.09,14.0
CLAIM-00541,VEH-0925,2024-12-20,Infotainment,Approved,1609.5,1422.11,47.0
CLAIM-00542,VEH-0573,2025-11-10,Powertrain,Approved,3743.93,3364.37,52.0
CLAIM-00543,VEH-0767,2025-04-13,Brakes,Approved,4715.3,4310.77,56.0
CLAIM-00544,VEH-0822,2025-10-16,Body & Exterior,Approved,4770.08,4291.28,47.0
CLAIM-00545,VEH-0184,2025-01-10,HVAC,Approved,2289.45,2209.26,29.0
CLAIM-00546,VEH-0319,2022-05-02,Electrical,Approved,954.22,776.71,22.0
CLAIM-00547,VEH-0193,2025-08-05,HVAC,Rejected,3019.89,0.0,59.0
CLAIM-00548,VEH-0526,2025-01-31,Body & Exterior,Rejected,1149.76,0.0,58.0
CLAIM-00549,VEH-0330,2025-05-09,HVAC,Approved,4761.06,4709.45,16.0
CLAIM-00550,VEH-0722,2024-05-16,Electrical,Approved,4080.37,3878.59,9.0
CLAIM-00551,VEH-0586,2025-01-29,HVAC,Approved,3973.87,3864.97,13.0
CLAIM-00552,VEH-0875,2025-11-11,Infotainment,Approved,317.88,302.69,39.0
CLAIM-00553,VEH-0989,2025-12-28,HVAC,Pending,2641.26,,
CLAIM-00554,VEH-0453,2025-11-09,Body & Exterior,Approved,1811.63,1525.6,47.0
CLAIM-00555,VEH-0843,2025-07-05,Powertrain,Rejected,1851.08,0.0,41.0
CLAIM-00556,VEH-0660,2025-12-04,Electrical,Approved,398.32,385.4,13.0
CLAIM-00557,VEH-0924,2025-06-08,Body & Exterior,Approved,1580.31,1555.83,6.0
CLAIM-00558,VEH-0271,2025-11-24,Electrical,Pending,2911.88,,
CLAIM-00559,VEH-0351,2025-06-01,Powertrain,Approved,4192.4,3490.6,56.0
CLAIM-00560,VEH-0303,2025-08-28,Powertrain,Approved,4649.83,3806.88,42.0
CLAIM-00561,VEH-0561,2025-03-28,Body & Exterior,Approved,4641.62,4587.62,23.0
CLAIM-00562,VEH-0623,2024-06-19,Body & Exterior,Approved,1074.31,919.0,33.0
CLAIM-00563,VEH-0225,2023-11-17,HVAC,Approved,4133.92,4060.88,27.0
CLAIM-00564,VEH-0599,2025-06-10,HVAC,Approved,3465.19,3118.58,8.0
CLAIM-00565,VEH-0774,2023-10-03,Electrical,Approved,3203.12,3031.28,14.0
CLAIM-00566,VEH-0026,2025-06-21,Infotainment,Approved,3465.25,3257.61,27.0
CLAIM-00567,VEH-0338,2025-04-17,Electrical,Rejected,784.21,0.0,39.0
CLAIM-00568,VEH-0949,2025-08-26,Electrical,Rejected,537.26,0.0,25.0
CLAIM-00569,VEH-0345,2025-05-01,HVAC,Approved,4575.1,3698.37,47.0
CLAIM-00570,VEH-0574,2025-01-21,HVAC,Approved,3642.7,3396.25,49.0
CLAIM-00571,VEH-0667,2025-08-12,HVAC,Pending,1069.96,,
CLAIM-00572,VEH-0747,2024-10-20,Brakes,Approved,2902.23,2572.22,14.0
CLAIM-00573,VEH-0412,2025-12-01,Body & Exterior,Approved,976.3,908.08,52.0
CLAIM-00574,VEH-0114,2024-07-10,Brakes,Rejected,607.78,0.0,12.0
CLAIM-00575,VEH-0354,2023-05-24,Infotainment,Approved,211.28,192.62,41.0
CLAIM-00576,VEH-0765,2025-11-08,Body & Exterior,Approved,1752.06,1404.71,21.0
CLAIM-00577,VEH-0960,2025-11-03,HVAC,Approved,1504.89,1242.68,13.0
CLAIM-00578,VEH-0333,2025-09-23,Infotainment,Pending,1814.88,,
CLAIM-00579,VEH-0578,2025-12-05,Body & Exterior,Rejected,4071.28,0.0,42.0
CLAIM-00580,VEH-0375,2024-09-26,Body & Exterior,Pending,1151.63,,
CLAIM-00581,VEH-0976,2025-10-05,Infotainment,Approved,728.2,683.72,53.0
CLAIM-00582,VEH-0877,2023-01-20,Infotainment,Rejected,1221.43,0.0,8.0
CLAIM-00583,VEH-0254,2025-01-10,Brakes,Approved,2176.92,1897.85,35.0
CLAIM-00584,VEH-0125,2025-06-15,Electrical,Approved,3836.6,3169.29,17.0
CLAIM-00585,VEH-0163,2024-08-17,Electrical,Pending,3914.75,,
CLAIM-00586,VEH-0991,2024-10-24,Infotainment,Pending,4657.91,,
CLAIM-00587,VEH-0975,2025-12-18,Infotainment,Approved,893.57,756.1,18.0
CLAIM-00588,VEH-0708,2024-04-29,Body & Exterior,Approved,3135.18,2785.99,6.0
CLAIM-00589,VEH-0881,2024-09-30,Powertrain,Approved,2994.98,2642.97,9.0
CLAIM-00590,VEH-1000,2024-09-12,Brakes,Approved,4731.25,3886.29,17.0
CLAIM-00591,VEH-0903,2025-12-18,Body & Exterior,Pending,4156.06,,
CLAIM-00592,VEH-0061,2025-11-23,Body & Exterior,Rejected,1187.0,0.0,56.0
CLAIM-00593,VEH-0641,2025-07-15,Brakes,Approved,387.37,311.2,59.0
CLAIM-00594,VEH-0912,2025-04-07,Body & Exterior,Pending,2865.7,,
CLAIM-00595,VEH-0462,2025-06-22,Electrical,Approved,4475.91,3856.68,24.0
CLAIM-00596,VEH-0344,2025-09-09,Brakes,Approved,3914.06,3403.69,28.0
CLAIM-00597,VEH-0423,2025-11-27,Electrical,Approved,1305.88,1169.96,9.0
CLAIM-00598,VEH-0544,2025-08-25,Electrical,Approved,113.39,91.71,50.0
CLAIM-00599,VEH-0227,2024-08-15,Electrical,Rejected,2619.5,0.0,14.0
CLAIM-00600,VEH-0939,2025-10-05,Infotainment,Pending,3709.75,,
CLAIM-00601,VEH-0608,2025-11-03,Electrical,Approved,2301.7,1968.49,32.0
CLAIM-00602,VEH-0594,2024-05-24,Electrical,Approved,308.85,247.89,52.0
CLAIM-00603,VEH-0977,2025-04-06,Body & Exterior,Approved,825.85,665.71,7.0
CLAIM-00604,VEH-0461,2025-04-17,Powertrain,Rejected,2370.93,0.0,33.0
CLAIM-00605,VEH-0697,2023-12-20,Body & Exterior,Approved,598.17,484.98,15.0
CLAIM-00606,VEH-0013,2024-07-06,Brakes,Approved,334.21,325.54,34.0
CLAIM-00607,VEH-0982,2024-06-05,Electrical,Approved,1077.52,948.35,46.0
CLAIM-00608,VEH-0185,2024-01-14,HVAC,Approved,2869.14,2399.59,56.0
CLAIM-00609,VEH-0503,2025-10-11,Body & Exterior,Rejected,2289.42,0.0,28.0
CLAIM-00610,VEH-0583,2024-07-29,Brakes,Approved,1102.35,1005.62,13.0
CLAIM-00611,VEH-0632,2024-02-07,Infotainment,Rejected,867.26,0.0,60.0
CLAIM-00612,VEH-0799,2024-02-16,Infotainment,Pending,4459.22,,
CLAIM-00613,VEH-0309,2025-07-12,Powertrain,Approved,1830.85,1488.14,54.0
CLAIM-00614,VEH-0937,2025-10-12,Electrical,Rejected,2427.52,0.0,4.0
CLAIM-00615,VEH-0968,2025-04-28,Brakes,Approved,2185.26,1883.96,41.0
CLAIM-00616,VEH-0935,2025-09-11,Infotainment,Approved,432.28,355.89,38.0
CLAIM-00617,VEH-0275,2024-10-01,Brakes,Rejected,709.18,0.0,3.0
CLAIM-00618,VEH-0403,2022-09-10,Powertrain,Rejected,1387.2,0.0,35.0
CLAIM-00619,VEH-0845,2025-10-23,Body & Exterior,Pending,432.93,,
CLAIM-00620,VEH-0367,2025-08-16,Body & Exterior,Rejected,4303.81,0.0,45.0
CLAIM-00621,VEH-0137,2024-08-07,Body & Exterior,Approved,1643.73,1534.49,5.0
CLAIM-00622,VEH-0778,2025-05-26,HVAC,Rejected,307.25,0.0,39.0
CLAIM-00623,VEH-0299,2025-09-22,HVAC,Approved,2989.26,2777.97,53.0
CLAIM-00624,VEH-0564,2025-07-20,HVAC,Pending,2035.5,,
CLAIM-00625,VEH-0176,2025-11-27,Body & Exterior,Pending,3230.52,,
CLAIM-00626,VEH-0041,2024-04-05,Infotainment,Approved,2992.55,2804.11,25.0
CLAIM-00627,VEH-0657,2025-12-07,Infotainment,Approved,1533.82,1353.1,7.0
CLAIM-00628,VEH-0409,2024-05-30,Infotainment,Approved,1504.61,1218.46,37.0
CLAIM-00629,VEH-0086,2024-05-04,Infotainment,Approved,4171.49,3973.09,12.0
CLAIM-00630,VEH-0546,2025-09-12,Body & Exterior,Rejected,4838.5,0.0,38.0
CLAIM-00631,VEH-0816,2025-04-02,Infotainment,Approved,4568.65,4564.69,52.0
CLAIM-00632,VEH-0718,2023-01-17,Infotainment,Approved,4130.48,3522.57,55.0
CLAIM-00633,VEH-0585,2025-07-27,Infotainment,Approved,1150.28,931.95,53.0
CLAIM-00634,VEH-0768,2025-07-31,Infotainment,Pending,617.89,,
CLAIM-00635,VEH-0727,2023-07-04,Body & Exterior,Pending,3337.7,,
CLAIM-00636,VEH-0396,2023-03-17,Brakes,Rejected,3336.16,0.0,7.0
CLAIM-00637,VEH-0138,2025-12-05,Powertrain,Pending,4016.01,,
CLAIM-00638,VEH-0621,2024-11-18,HVAC,Rejected,3779.54,0.0,33.0
CLAIM-00639,VEH-0267,2025-01-17,Powertrain,Approved,4965.95,4553.49,58.0
CLAIM-00640,VEH-0126,2023-11-18,HVAC,Approved,2277.84,1832.48,33.0
CLAIM-00641,VEH-0864,2025-08-04,Electrical,Approved,1519.86,1416.96,53.0
CLAIM-00642,VEH-0493,2025-10-23,Infotainment,Pending,4855.49,,
CLAIM-00643,VEH-0885,2025-04-21,Infotainment,Approved,777.38,739.73,57.0
CLAIM-00644,VEH-0532,2025-11-06,Infotainment,Approved,3713.48,3143.93,33.0
CLAIM-00645,VEH-0885,2025-06-18,Electrical,Approved,156.52,130.62,17.0
CLAIM-00646,VEH-0923,2024-08-29,Powertrain,Approved,1668.97,1557.68,54.0
CLAIM-00647,VEH-0159,2025-03-31,Electrical,Approved,517.13,475.31,49.0
CLAIM-00648,VEH-0125,2025-11-06,HVAC,Rejected,4677.33,0.0,58.0
CLAIM-00649,VEH-0293,2025-05-02,Powertrain,Rejected,2993.11,0.0,39.0
CLAIM-00650,VEH-0900,2025-10-18,Body & Exterior,Approved,4528.68,3759.2,49.0
CLAIM-00651,VEH-0781,2024-07-04,Infotainment,Approved,4995.34,4925.62,43.0
CLAIM-00652,VEH-0805,2022-12-09,Electrical,Approved,2985.32,2525.19,17.0
CLAIM-00653,VEH-0867,2024-09-14,Brakes,Rejected,2175.26,0.0,28.0
CLAIM-00654,VEH-0495,2024-11-27,Infotainment,Approved,2804.06,2382.39,19.0
CLAIM-00655,VEH-0298,2025-11-01,Electrical,Approved,1733.2,1517.38,50.0
CLAIM-00656,VEH-0825,2025-09-30,Body & Exterior,Approved,4309.07,4014.87,26.0
CLAIM-00657,VEH-0906,2024-08-17,Infotainment,Approved,321.32,295.92,45.0
CLAIM-00658,VEH-0842,2025-07-14,Powertrain,Approved,3088.14,2707.51,47.0
CLAIM-00659,VEH-0099,2024-10-24,Brakes,Pending,2203.61,,
CLAIM-00660,VEH-0282,2025-05-21,Powertrain,Approved,843.28,749.5,36.0
CLAIM-00661,VEH-0243,2024-10-22,Brakes,Approved,797.46,794.47,38.0
CLAIM-00662,VEH-0990,2025-11-16,HVAC,Approved,3188.55,2726.35,9.0
CLAIM-00663,VEH-0885,2024-12-09,Powertrain,Approved,2911.96,2789.28,18.0
CLAIM-00664,VEH-0917,2025-09-26,Electrical,Approved,3513.77,2971.21,57.0
CLAIM-00665,VEH-0033,2025-12-26,HVAC,Approved,1366.8,1224.52,29.0
CLAIM-00666,VEH-0266,2025-08-20,Electrical,Approved,2182.08,2017.66,6.0
CLAIM-00667,VEH-0988,2025-01-20,Body & Exterior,Approved,4993.68,4107.75,16.0
CLAIM-00668,VEH-0987,2025-09-22,Body & Exterior,Rejected,4936.97,0.0,53.0
CLAIM-00669,VEH-0636,2025-06-10,Body & Exterior,Pending,4378.35,,
CLAIM-00670,VEH-0669,2025-04-14,Electrical,Approved,1145.38,1081.17,22.0
CLAIM-00671,VEH-0430,2024-12-18,Brakes,Pending,314.58,,
CLAIM-00672,VEH-0781,2024-04-22,Body & Exterior,Approved,562.54,487.44,2.0
CLAIM-00673,VEH-0455,2024-06-23,Infotainment,Approved,4785.13,4546.33,10.0
CLAIM-00674,VEH-0910,2025-06-22,Electrical,Approved,577.07,498.34,56.0
CLAIM-00675,VEH-0086,2024-02-19,HVAC,Rejected,1440.64,0.0,27.0
CLAIM-00676,VEH-0114,2024-10-21,Body & Exterior,Pending,2403.23,,
CLAIM-00677,VEH-0379,2025-11-12,Electrical,Pending,4663.65,,
CLAIM-00678,VEH-0996,2025-10-26,HVAC,Approved,3530.95,3244.62,49.0
CLAIM-00679,VEH-0822,2025-12-30,Body & Exterior,Rejected,2778.85,0.0,1.0
CLAIM-00680,VEH-0125,2025-07-03,Electrical,Approved,2800.65,2294.8,29.0
CLAIM-00681,VEH-0834,2025-01-07,Powertrain,Approved,4254.18,3492.33,54.0
CLAIM-00682,VEH-0367,2025-04-17,Body & Exterior,Rejected,4603.67,0.0,25.0
CLAIM-00683,VEH-0929,2024-08-25,Powertrain,Approved,3120.69,2832.59,45.0
CLAIM-00684,VEH-0612,2025-09-19,HVAC,Approved,3130.87,2780.43,25.0
CLAIM-00685,VEH-0561,2025-03-17,Brakes,Approved,4473.36,3659.47,38.0
CLAIM-00686,VEH-0598,2025-01-17,Electrical,Pending,4037.54,,
CLAIM-00687,VEH-0705,2025-05-22,Powertrain,Approved,760.36,699.4,4.0
CLAIM-00688,VEH-0639,2025-11-21,Infotainment,Pending,1307.34,,
CLAIM-00689,VEH-0828,2025-10-20,Infotainment,Approved,655.6,586.69,44.0
CLAIM-00690,VEH-0816,2024-08-12,HVAC,Approved,3020.43,2871.04,52.0
CLAIM-00691,VEH-0976,2025-08-22,Body & Exterior,Approved,1640.5,1447.18,42.0
CLAIM-00692,VEH-0452,2023-03-09,HVAC,Approved,2938.42,2543.29,4.0
CLAIM-00693,VEH-0999,2025-04-28,Body & Exterior,Approved,340.84,313.17,37.0
CLAIM-00694,VEH-0637,2024-06-10,HVAC,Pending,1563.7,,
CLAIM-00695,VEH-0371,2025-05-25,Infotainment,Approved,1537.26,1345.51,44.0
CLAIM-00696,VEH-0954,2025-08-18,HVAC,Approved,4524.85,4399.57,28.0
CLAIM-00697,VEH-0487,2024-11-14,Brakes,Approved,345.01,330.46,11.0
CLAIM-00698,VEH-0192,2024-12-25,Brakes,Pending,4663.83,,
CLAIM-00699,VEH-0862,2025-04-02,Infotainment,Pending,2501.14,,
CLAIM-00700,VEH-0022,2025-03-14,Brakes,Approved,243.0,216.3,50.0
CLAIM-00701,VEH-0168,2024-02-21,HVAC,Pending,1042.21,,
CLAIM-00702,VEH-0313,2025-04-07,Brakes,Approved,1288.33,1232.22,52.0
CLAIM-00703,VEH-0478,2024-11-29,Body & Exterior,Pending,3938.07,,
CLAIM-00704,VEH-0075,2024-11-18,Brakes,Rejected,1748.89,0.0,4.0
CLAIM-00705,VEH-0736,2023-07-12,Powertrain,Approved,1736.61,1600.54,60.0
CLAIM-00706,VEH-0932,2023-11-24,Powertrain,Approved,4666.39,4130.22,8.0
CLAIM-00707,VEH-0407,2024-10-22,Infotainment,Approved,987.12,940.14,28.0
CLAIM-00708,VEH-0474,2025-10-26,Infotainment,Rejected,2422.35,0.0,9.0
CLAIM-00709,VEH-0562,2025-12-20,Electrical,Approved,429.93,346.33,12.0
CLAIM-00710,VEH-0749,2025-06-30,Brakes,Rejected,589.58,0.0,59.0
CLAIM-00711,VEH-0350,2025-08-02,HVAC,Pending,1330.89,,
CLAIM-00712,VEH-0088,2025-07-02,HVAC,Approved,393.85,374.98,1.0
CLAIM-00713,VEH-0034,2024-11-07,Body & Exterior,Approved,2629.72,2312.09,32.0
CLAIM-00714,VEH-0160,2023-10-22,Brakes,Approved,487.75,446.57,29.0
CLAIM-00715,VEH-0269,2022-11-09,Powertrain,Pending,1438.67,,
CLAIM-00716,VEH-0486,2025-08-19,Body & Exterior,Rejected,4278.43,0.0,52.0
CLAIM-00717,VEH-0775,2025-07-17,Electrical,Approved,3679.19,3619.97,14.0
CLAIM-00718,VEH-0153,2025-05-05,Brakes,Approved,3703.54,3617.99,15.0
CLAIM-00719,VEH-0639,2025-10-28,HVAC,Approved,2984.84,2618.22,4.0
CLAIM-00720,VEH-0952,2025-05-24,Brakes,Approved,4871.14,4516.09,17.0
CLAIM-00721,VEH-0403,2025-06-18,Body & Exterior,Approved,726.79,679.08,49.0
CLAIM-00722,VEH-0655,2025-01-20,Brakes,Approved,4405.38,3843.28,4.0
CLAIM-00723,VEH-0873,2023-02-15,Brakes,Rejected,2203.26,0.0,42.0
CLAIM-00724,VEH-0649,2025-01-11,Powertrain,Approved,2389.4,2265.04,55.0
CLAIM-00725,VEH-0426,2024-12-05,Body & Exterior,Approved,4727.88,3928.08,29.0
CLAIM-00726,VEH-0297,2024-11-28,Body & Exterior,Rejected,3112.41,0.0,47.0
CLAIM-00727,VEH-0255,2025-07-12,Electrical,Rejected,3141.87,0.0,29.0
CLAIM-00728,VEH-0812,2025-05-16,Powertrain,Pending,2050.91,,
CLAIM-00729,VEH-0974,2024-09-26,Body & Exterior,Rejected,3260.82,0.0,48.0
CLAIM-00730,VEH-0422,2024-06-03,HVAC,Approved,250.45,243.82,35.0
CLAIM-00731,VEH-0395,2024-04-26,Infotainment,Rejected,4116.27,0.0,23.0
CLAIM-00732,VEH-0596,2025-08-18,Electrical,Approved,2760.22,2650.47,39.0
CLAIM-00733,VEH-0814,2025-06-18,Brakes,Pending,4150.84,,
CLAIM-00734,VEH-0396,2024-11-23,Infotainment,Rejected,1052.37,0.0,39.0
CLAIM-00735,VEH-0792,2025-03-04,Brakes,Approved,2772.06,2677.67,40.0
CLAIM-00736,VEH-0696,2024-06-25,Electrical,Approved,1224.64,1054.56,55.0
CLAIM-00737,VEH-0936,2025-12-08,Body & Exterior,Pending,3960.41,,
CLAIM-00738,VEH-0264,2023-07-19,Infotainment,Approved,3604.26,3169.11,33.0
CLAIM-00739,VEH-0692,2024-01-06,Powertrain,Approved,428.11,378.88,18.0
CLAIM-00740,VEH-0291,2025-03-02,Brakes,Approved,3383.13,2949.73,28.0
CLAIM-00741,VEH-0516,2023-12-16,HVAC,Pending,1130.3,,
CLAIM-00742,VEH-0927,2025-05-16,HVAC,Rejected,2428.05,0.0,14.0
CLAIM-00743,VEH-0661,2025-05-27,Electrical,Rejected,2807.11,0.0,42.0
CLAIM-00744,VEH-0873,2024-09-29,Infotainment,Approved,3019.21,2504.18,33.0
CLAIM-00745,VEH-0722,2025-06-11,Body & Exterior,Rejected,4383.25,0.0,25.0
CLAIM-00746,VEH-0800,2025-12-12,Powertrain,Approved,4942.04,4475.21,57.0
CLAIM-00747,VEH-0989,2025-12-30,Infotainment,Approved,1599.77,1595.06,38.0
CLAIM-00748,VEH-0880,2025-07-17,Infotainment,Approved,2448.77,2093.33,44.0
CLAIM-00749,VEH-0596,2024-10-27,Body & Exterior,Approved,1239.5,1192.45,39.0
CLAIM-00750,VEH-0524,2025-08-07,Powertrain,Rejected,957.64,0.0,58.0
CLAIM-00751,VEH-0516,2024-05-18,HVAC,Pending,3278.62,,
CLAIM-00752,VEH-0273,2025-09-19,Electrical,Approved,1253.78,1145.46,10.0
CLAIM-00753,VEH-0865,2023-07-06,Infotainment,Pending,3331.7,,
CLAIM-00754,VEH-0661,2023-01-17,HVAC,Approved,4102.87,4056.67,14.0
CLAIM-00755,VEH-0167,2024-10-29,HVAC,Approved,2621.95,2123.45,36.0
CLAIM-00756,VEH-0320,2024-08-24,Electrical,Approved,693.52,668.03,12.0
CLAIM-00757,VEH-0585,2024-05-12,HVAC,Approved,110.35,89.67,25.0
CLAIM-00758,VEH-0828,2025-02-23,HVAC,Approved,661.61,649.71,54.0
CLAIM-00759,VEH-0540,2025-06-25,Body & Exterior,Approved,4352.39,4282.36,31.0
CLAIM-00760,VEH-0273,2025-11-26,Brakes,Approved,154.9,126.51,13.0
CLAIM-00761,VEH-0270,2025-08-17,Body & Exterior,Approved,555.41,451.18,16.0
CLAIM-00762,VEH-0654,2024-10-22,Body & Exterior,Pending,3284.39,,
CLAIM-00763,VEH-0490,2024-08-15,Brakes,Approved,3800.07,3637.56,27.0
CLAIM-00764,VEH-0599,2025-11-17,Body & Exterior,Rejected,4295.45,0.0,9.0
CLAIM-00765,VEH-0167,2024-11-21,Brakes,Approved,2102.47,2095.09,54.0
CLAIM-00766,VEH-0347,2025-11-01,Powertrain,Rejected,270.86,0.0,47.0
CLAIM-00767,VEH-0730,2025-09-02,Infotainment,Pending,2339.52,,
CLAIM-00768,VEH-0112,2024-06-18,Brakes,Approved,4105.11,3513.11,48.0
CLAIM-00769,VEH-0916,2025-07-24,Body & Exterior,Approved,4187.05,3627.16,3.0
CLAIM-00770,VEH-0177,2025-08-23,Brakes,Approved,4494.75,3946.33,6.0
CLAIM-00771,VEH-0924,2025-06-22,Brakes,Approved,3271.79,3216.92,56.0
CLAIM-00772,VEH-0515,2025-01-08,Powertrain,Rejected,3549.99,0.0,19.0
CLAIM-00773,VEH-0822,2025-08-13,Electrical,Pending,2754.1,,
CLAIM-00774,VEH-0451,2025-02-11,HVAC,Rejected,4619.73,0.0,18.0
CLAIM-00775,VEH-0868,2025-12-27,HVAC,Rejected,305.59,0.0,1.0
CLAIM-00776,VEH-0514,2024-12-07,Infotainment,Rejected,3825.02,0.0,27.0
CLAIM-00777,VEH-0583,2024-04-15,HVAC,Approved,790.05,716.46,37.0
CLAIM-00778,VEH-0821,2025-10-12,Electrical,Approved,2003.23,1786.53,34.0
CLAIM-00779,VEH-0484,2024-04-04,Body & Exterior,Approved,2834.35,2562.27,37.0
CLAIM-00780,VEH-0471,2023-04-02,Infotainment,Approved,4975.53,4637.6,51.0
CLAIM-00781,VEH-0896,2024-08-28,Powertrain,Approved,1917.88,1761.14,24.0
CLAIM-00782,VEH-0044,2025-08-10,Infotainment,Pending,2889.81,,
CLAIM-00783,VEH-0592,2023-12-20,Electrical,Rejected,1260.06,0.0,6.0
CLAIM-00784,VEH-0103,2024-03-27,Infotainment,Approved,3537.56,3529.25,55.0
CLAIM-00785,VEH-0342,2025-08-21,Infotainment,Approved,2839.43,2767.13,1.0
CLAIM-00786,VEH-0692,2024-01-22,Electrical,Pending,2811.15,,
CLAIM-00787,VEH-0340,2025-05-02,Brakes,Pending,4496.88,,
CLAIM-00788,VEH-0694,2025-06-26,Brakes,Pending,3941.43,,
CLAIM-00789,VEH-0989,2025-07-01,Infotainment,Approved,4860.43,4002.83,30.0
CLAIM-00790,VEH-0842,2025-01-16,Powertrain,Rejected,3387.72,0.0,32.0
CLAIM-00791,VEH-0149,2025-06-27,HVAC,Approved,1005.9,819.73,44.0
CLAIM-00792,VEH-0730,2025-09-27,Brakes,Pending,2801.99,,
CLAIM-00793,VEH-0741,2024-02-12,Powertrain,Rejected,3001.88,0.0,28.0
CLAIM-00794,VEH-0032,2025-08-15,Brakes,Approved,790.48,781.47,33.0
CLAIM-00795,VEH-0399,2025-05-21,Brakes,Approved,4074.7,3978.24,47.0
CLAIM-00796,VEH-0495,2025-11-14,HVAC,Approved,4589.61,3768.29,23.0
CLAIM-00797,VEH-0786,2025-04-05,Infotainment,Approved,4183.85,3385.05,50.0
CLAIM-00798,VEH-0794,2025-11-16,Brakes,Approved,4240.12,3512.12,32.0
CLAIM-00799,VEH-0421,2025-12-24,Electrical,Approved,2915.16,2879.07,5.0
CLAIM-00800,VEH-0270,2025-09-13,Brakes,Approved,3550.22,3083.13,4.0
CLAIM-00801,VEH-0663,2025-08-20,Infotainment,Approved,4153.68,3554.26,12.0
CLAIM-00802,VEH-0807,2024-10-12,Body & Exterior,Approved,2843.95,2461.78,57.0
CLAIM-00803,VEH-0028,2024-12-25,HVAC,Approved,535.9,484.47,12.0
CLAIM-00804,VEH-0249,2024-11-04,Powertrain,Rejected,3613.68,0.0,6.0
CLAIM-00805,VEH-0524,2024-11-29,HVAC,Pending,455.19,,
CLAIM-00806,VEH-0847,2024-12-12,HVAC,Approved,422.96,404.88,42.0
CLAIM-00807,VEH-0023,2023-06-23,HVAC,Approved,2914.37,2899.64,12.0
CLAIM-00808,VEH-0850,2025-12-31,Body & Exterior,Approved,4055.59,4040.22,6.0
CLAIM-00809,VEH-0273,2025-08-15,Body & Exterior,Approved,496.27,484.37,24.0
CLAIM-00810,VEH-0265,2025-02-18,Infotainment,Pending,4324.75,,
CLAIM-00811,VEH-0275,2023-07-16,Electrical,Pending,767.2,,
CLAIM-00812,VEH-0245,2022-09-22,Body & Exterior,Approved,4067.34,3736.79,1.0
CLAIM-00813,VEH-0082,2023-03-19,Body & Exterior,Pending,1356.49,,
CLAIM-00814,VEH-0008,2025-11-20,HVAC,Approved,2570.48,2460.06,46.0
CLAIM-00815,VEH-0633,2025-06-11,Body & Exterior,Rejected,1212.32,0.0,10.0
CLAIM-00816,VEH-0682,2025-12-30,HVAC,Approved,2394.79,2199.9,14.0
CLAIM-00817,VEH-0051,2025-01-23,Infotainment,Approved,3016.37,2581.43,50.0
CLAIM-00818,VEH-0247,2025-08-22,Body & Exterior,Approved,3690.24,3660.23,33.0
CLAIM-00819,VEH-0481,2024-05-14,Brakes,Pending,1090.7,,
CLAIM-00820,VEH-0969,2025-10-05,Electrical,Approved,1144.77,1092.23,3.0
CLAIM-00821,VEH-0204,2024-09-14,Body & Exterior,Approved,853.27,814.82,40.0
CLAIM-00822,VEH-0383,2025-04-16,Brakes,Approved,997.56,891.47,14.0
CLAIM-00823,VEH-0108,2025-11-26,Brakes,Rejected,1863.72,0.0,34.0
CLAIM-00824,VEH-0357,2025-10-22,Powertrain,Pending,1285.59,,
CLAIM-00825,VEH-0364,2025-05-17,HVAC,Approved,2087.59,1784.06,28.0
CLAIM-00826,VEH-0854,2023-08-13,HVAC,Rejected,2294.24,0.0,36.0
CLAIM-00827,VEH-0564,2025-02-28,Brakes,Pending,4982.63,,
CLAIM-00828,VEH-0292,2025-07-07,Brakes,Approved,2781.1,2763.12,52.0
CLAIM-00829,VEH-0239,2024-03-31,Brakes,Approved,4908.85,4818.29,26.0
CLAIM-00830,VEH-0312,2025-01-31,Infotainment,Approved,1721.16,1395.2,60.0
CLAIM-00831,VEH-0930,2024-03-12,Infotainment,Rejected,2028.02,0.0,40.0
CLAIM-00832,VEH-0826,2025-08-06,Powertrain,Approved,1884.69,1657.42,37.0
CLAIM-00833,VEH-0231,2025-01-12,Electrical,Rejected,147.69,0.0,35.0
CLAIM-00834,VEH-0741,2024-10-16,Electrical,Pending,1690.31,,
CLAIM-00835,VEH-0734,2025-06-22,Electrical,Rejected,1616.42,0.0,43.0
CLAIM-00836,VEH-0703,2023-06-18,Electrical,Pending,588.68,,
CLAIM-00837,VEH-0946,2023-09-29,HVAC,Approved,2586.8,2270.12,44.0
CLAIM-00838,VEH-0552,2022-05-26,Infotainment,Approved,4046.66,3807.23,44.0
CLAIM-00839,VEH-0134,2025-06-16,Electrical,Approved,3543.22,2953.76,26.0
CLAIM-00840,VEH-0659,2025-12-23,Brakes,Rejected,4604.95,0.0,53.0
CLAIM-00841,VEH-0606,2025-04-06,Powertrain,Rejected,507.47,0.0,1.0
CLAIM-00842,VEH-0390,2023-02-07,Brakes,Rejected,992.98,0.0,51.0
CLAIM-00843,VEH-0443,2025-11-11,Infotainment,Approved,4813.7,3861.14,49.0
CLAIM-00844,VEH-0372,2025-12-16,Electrical,Pending,486.81,,
CLAIM-00845,VEH-0346,2025-08-11,Brakes,Approved,3625.42,3033.09,52.0
CLAIM-00846,VEH-0331,2025-04-16,Infotainment,Rejected,2982.18,0.0,41.0
CLAIM-00847,VEH-0074,2025-11-18,Infotainment,Approved,1484.35,1471.25,7.0
CLAIM-00848,VEH-0425,2025-11-01,Infotainment,Rejected,4238.17,0.0,39.0
CLAIM-00849,VEH-0077,2025-06-07,Body & Exterior,Approved,1833.94,1739.74,24.0
CLAIM-00850,VEH-0650,2025-10-07,Electrical,Approved,1229.94,1168.69,4.0
CLAIM-00851,VEH-0096,2024-05-19,Body & Exterior,Pending,1510.44,,
CLAIM-00852,VEH-0267,2025-02-13,Powertrain,Approved,1589.91,1501.31,45.0
CLAIM-00853,VEH-0091,2025-10-21,Electrical,Approved,1459.43,1204.34,57.0
CLAIM-00854,VEH-0140,2024-05-21,Brakes,Approved,2581.76,2426.2,5.0
CLAIM-00855,VEH-0078,2024-02-10,Powertrain,Approved,3171.62,3114.44,42.0
CLAIM-00856,VEH-0288,2025-06-04,Powertrain,Pending,3121.34,,
CLAIM-00857,VEH-0291,2025-12-25,Brakes,Approved,3823.83,3245.38,44.0
CLAIM-00858,VEH-0810,2025-11-07,Electrical,Approved,323.95,284.29,4.0
CLAIM-00859,VEH-0586,2025-03-14,HVAC,Pending,2890.03,,
CLAIM-00860,VEH-0145,2023-10-18,Infotainment,Rejected,2049.14,0.0,59.0
CLAIM-00861,VEH-0812,2025-12-26,Infotainment,Approved,2779.0,2621.78,17.0
CLAIM-00862,VEH-0984,2023-03-31,Infotainment,Rejected,4487.65,0.0,33.0
CLAIM-00863,VEH-0840,2025-03-08,Powertrain,Rejected,714.0,0.0,43.0
CLAIM-00864,VEH-0829,2025-06-25,Brakes,Approved,1515.98,1388.96,56.0
CLAIM-00865,VEH-0493,2024-12-22,Powertrain,Approved,2023.89,1804.69,22.0
CLAIM-00866,VEH-0379,2025-08-24,Electrical,Approved,887.33,771.61,5.0
CLAIM-00867,VEH-0095,2024-10-05,Infotainment,Approved,1959.47,1667.55,12.0
CLAIM-00868,VEH-0903,2025-01-11,Electrical,Approved,2732.47,2286.41,41.0
CLAIM-00869,VEH-0835,2024-11-23,Powertrain,Rejected,2906.14,0.0,15.0
CLAIM-00870,VEH-0966,2025-05-01,Body & Exterior,Approved,4294.46,3495.47,51.0
CLAIM-00871,VEH-0160,2023-04-09,Body & Exterior,Approved,3251.44,3181.43,3.0
CLAIM-00872,VEH-0900,2025-07-30,HVAC,Approved,3222.31,3195.94,59.0
CLAIM-00873,VEH-0755,2025-10-30,Electrical,Approved,1290.58,1071.56,6.0
CLAIM-00874,VEH-0582,2025-07-30,Electrical,Approved,1177.73,974.24,19.0
CLAIM-00875,VEH-0374,2025-06-21,Brakes,Approved,4878.85,4793.07,49.0
CLAIM-00876,VEH-0552,2025-06-12,HVAC,Approved,4911.91,4372.73,56.0
CLAIM-00877,VEH-0399,2025-07-17,Infotainment,Approved,3007.75,2763.28,20.0
CLAIM-00878,VEH-0453,2023-11-27,Infotainment,Approved,1231.63,1193.0,43.0
CLAIM-00879,VEH-0515,2025-02-24,Powertrain,Rejected,4435.25,0.0,30.0
CLAIM-00880,VEH-0545,2024-11-24,Infotainment,Approved,1014.04,863.12,57.0
CLAIM-00881,VEH-0960,2025-10-20,Infotainment,Rejected,717.8,0.0,8.0
CLAIM-00882,VEH-0664,2023-04-10,Powertrain,Pending,4225.08,,
CLAIM-00883,VEH-0377,2025-06-02,Powertrain,Rejected,129.98,0.0,28.0
CLAIM-00884,VEH-0169,2025-05-23,Powertrain,Approved,3996.78,3777.4,5.0
CLAIM-00885,VEH-0305,2024-05-03,Electrical,Pending,2669.72,,
CLAIM-00886,VEH-0825,2025-12-02,Brakes,Approved,2495.28,1998.36,37.0
CLAIM-00887,VEH-0695,2024-01-12,Powertrain,Approved,3886.73,3500.49,35.0
CLAIM-00888,VEH-0036,2025-08-09,Brakes,Approved,2797.95,2647.05,37.0
CLAIM-00889,VEH-0134,2025-12-17,Body & Exterior,Approved,4866.78,4056.44,7.0
CLAIM-00890,VEH-0077,2024-12-16,Brakes,Approved,317.84,257.47,59.0
CLAIM-00891,VEH-0657,2025-10-21,Powertrain,Approved,3851.38,3619.81,5.0
CLAIM-00892,VEH-0634,2025-03-22,Powertrain,Pending,3082.42,,
CLAIM-00893,VEH-0333,2025-12-05,Powertrain,Pending,2450.0,,
CLAIM-00894,VEH-0059,2025-10-28,Electrical,Approved,4811.08,4148.11,43.0
CLAIM-00895,VEH-0701,2024-06-14,Body & Exterior,Pending,776.7,,
CLAIM-00896,VEH-0006,2025-12-26,Powertrain,Approved,105.97,88.54,40.0
CLAIM-00897,VEH-0980,2025-02-17,Powertrain,Approved,3163.83,3061.75,9.0
CLAIM-00898,VEH-0270,2025-01-07,Brakes,Approved,534.53,457.42,42.0
CLAIM-00899,VEH-0691,2024-12-16,HVAC,Rejected,4630.32,0.0,48.0
CLAIM-00900,VEH-0415,2024-01-06,HVAC,Approved,4872.3,4829.97,39.0
CLAIM-00901,VEH-0123,2025-12-04,Body & Exterior,Approved,150.02,123.81,48.0
CLAIM-00902,VEH-0794,2025-07-13,Brakes,Approved,3206.81,3193.13,60.0
CLAIM-00903,VEH-0018,2025-12-17,Powertrain,Rejected,1173.19,0.0,9.0
CLAIM-00904,VEH-0413,2025-08-01,Body & Exterior,Approved,1859.96,1834.06,57.0
CLAIM-00905,VEH-0846,2024-04-15,Powertrain,Approved,3617.48,2923.96,33.0
CLAIM-00906,VEH-0117,2023-04-07,Infotainment,Approved,4443.05,3916.24,13.0
CLAIM-00907,VEH-0780,2023-09-29,Brakes,Rejected,4141.9,0.0,46.0
CLAIM-00908,VEH-0271,2025-11-30,Brakes,Approved,4158.07,3706.44,26.0
CLAIM-00909,VEH-0468,2025-06-29,Electrical,Approved,2732.62,2258.25,44.0
CLAIM-00910,VEH-0053,2024-08-24,Electrical,Rejected,4954.27,0.0,27.0
CLAIM-00911,VEH-0084,2024-07-20,Powertrain,Approved,1952.79,1799.74,38.0
CLAIM-00912,VEH-0434,2025-12-31,Electrical,Pending,1169.03,,
CLAIM-00913,VEH-0242,2023-10-05,Brakes,Approved,4830.27,4387.06,5.0
CLAIM-00914,VEH-0541,2025-09-30,Powertrain,Approved,894.79,817.39,8.0
CLAIM-00915,VEH-0785,2025-01-15,HVAC,Approved,2555.33,2231.77,57.0
CLAIM-00916,VEH-0943,2025-04-24,Infotainment,Pending,2146.65,,
CLAIM-00917,VEH-0950,2025-01-05,Electrical,Pending,4397.36,,
CLAIM-00918,VEH-0112,2025-01-10,HVAC,Approved,2030.61,1686.61,33.0
CLAIM-00919,VEH-0973,2025-01-02,Brakes,Approved,396.18,363.0,20.0
CLAIM-00920,VEH-0486,2025-12-23,Powertrain,Approved,4830.03,4242.23,44.0
CLAIM-00921,VEH-0580,2025-03-06,Powertrain,Rejected,1023.97,0.0,37.0
CLAIM-00922,VEH-0619,2025-10-03,Powertrain,Approved,1581.27,1456.2,30.0
CLAIM-00923,VEH-0726,2025-01-26,Electrical,Approved,927.82,767.25,6.0
CLAIM-00924,VEH-0185,2024-08-04,Infotainment,Pending,1353.06,,
CLAIM-00925,VEH-0414,2025-10-20,Body & Exterior,Approved,4160.87,3614.57,36.0
CLAIM-00926,VEH-0259,2025-08-11,HVAC,Approved,841.4,787.41,41.0
CLAIM-00927,VEH-0833,2024-03-09,Body & Exterior,Approved,2515.66,2508.78,40.0
CLAIM-00928,VEH-0933,2023-02-23,Powertrain,Rejected,4658.5,0.0,41.0
CLAIM-00929,VEH-1000,2024-06-19,Body & Exterior,Rejected,4546.46,0.0,6.0
CLAIM-00930,VEH-0407,2025-12-01,Powertrain,Rejected,1391.98,0.0,36.0
CLAIM-00931,VEH-0075,2025-02-05,Body & Exterior,Pending,4448.07,,
CLAIM-00932,VEH-0013,2024-05-15,Powertrain,Pending,4873.13,,
CLAIM-00933,VEH-0612,2025-02-10,Powertrain,Rejected,1886.89,0.0,15.0
CLAIM-00934,VEH-0344,2025-05-31,Body & Exterior,Approved,1091.3,1050.97,16.0
CLAIM-00935,VEH-0842,2024-09-29,HVAC,Approved,4188.82,4061.76,32.0
CLAIM-00936,VEH-0728,2025-06-05,Infotainment,Approved,4902.68,4184.02,50.0
CLAIM-00937,VEH-0483,2025-09-18,Infotainment,Approved,3480.16,3254.05,22.0
CLAIM-00938,VEH-0861,2025-08-02,Brakes,Approved,3589.32,3388.71,47.0
CLAIM-00939,VEH-0638,2025-11-29,Infotainment,Approved,1076.9,1069.8,24.0
CLAIM-00940,VEH-0498,2025-12-09,Body & Exterior,Approved,4300.51,3778.45,39.0
CLAIM-00941,VEH-0379,2025-11-22,Brakes,Approved,4053.78,3592.39,9.0
CLAIM-00942,VEH-0486,2025-03-03,Body & Exterior,Approved,1499.2,1205.99,59.0
CLAIM-00943,VEH-0150,2025-01-08,Brakes,Approved,4633.94,4575.41,33.0
CLAIM-00944,VEH-0512,2024-03-02,Infotainment,Pending,1008.29,,
CLAIM-00945,VEH-0048,2025-11-17,Infotainment,Approved,3953.98,3456.74,26.0
CLAIM-00946,VEH-0692,2024-01-22,Powertrain,Pending,990.45,,
CLAIM-00947,VEH-0358,2025-03-01,Brakes,Approved,4906.1,4059.02,50.0
CLAIM-00948,VEH-0802,2025-11-08,Infotainment,Pending,1401.91,,
CLAIM-00949,VEH-0065,2025-09-11,Body & Exterior,Pending,1500.98,,
CLAIM-00950,VEH-0459,2025-03-26,Powertrain,Rejected,2959.25,0.0,51.0
CLAIM-00951,VEH-0558,2024-09-19,Brakes,Pending,4101.23,,
CLAIM-00952,VEH-0327,2025-06-21,Electrical,Pending,1146.11,,
CLAIM-00953,VEH-0267,2024-08-24,Powertrain,Approved,1178.05,1123.94,7.0
CLAIM-00954,VEH-0009,2025-09-13,Body & Exterior,Pending,246.94,,
CLAIM-00955,VEH-0261,2023-09-21,Powertrain,Approved,2701.07,2353.32,10.0
CLAIM-00956,VEH-0750,2023-08-21,HVAC,Approved,3676.46,3269.57,18.0
CLAIM-00957,VEH-0401,2024-02-25,Brakes,Approved,1877.47,1866.0,48.0
CLAIM-00958,VEH-0064,2024-09-11,Brakes,Approved,4538.63,4354.82,18.0
CLAIM-00959,VEH-0380,2025-12-14,Infotainment,Rejected,4462.44,0.0,4.0
CLAIM-00960,VEH-0803,2024-11-12,Body & Exterior,Approved,3249.8,2706.17,60.0
CLAIM-00961,VEH-0559,2025-09-05,Infotainment,Rejected,3488.35,0.0,51.0
CLAIM-00962,VEH-0943,2025-04-10,Powertrain,Pending,4119.74,,
CLAIM-00963,VEH-0993,2025-07-13,Body & Exterior,Approved,747.08,661.91,21.0
CLAIM-00964,VEH-0392,2025-11-21,Electrical,Approved,2393.35,1968.04,42.0
CLAIM-00965,VEH-0287,2023-11-21,Brakes,Pending,3183.57,,
CLAIM-00966,VEH-0618,2023-12-02,Electrical,Pending,4668.9,,
CLAIM-00967,VEH-0912,2024-03-13,Body & Exterior,Pending,1900.69,,
CLAIM-00968,VEH-0787,2025-08-21,Electrical,Rejected,323.59,0.0,59.0
CLAIM-00969,VEH-0846,2024-06-04,Electrical,Approved,3443.85,3257.53,20.0
CLAIM-00970,VEH-0688,2024-05-21,Electrical,Approved,3346.58,3310.01,28.0
CLAIM-00971,VEH-0718,2023-02-10,HVAC,Rejected,1210.87,0.0,45.0
CLAIM-00972,VEH-0592,2024-04-01,Infotainment,Rejected,1166.32,0.0,34.0
CLAIM-00973,VEH-0778,2024-10-02,Electrical,Approved,905.94,731.11,13.0
CLAIM-00974,VEH-0533,2025-04-11,Powertrain,Rejected,1820.22,0.0,34.0
CLAIM-00975,VEH-0443,2025-05-16,Powertrain,Approved,3632.14,3342.25,37.0
CLAIM-00976,VEH-0286,2025-09-26,Body & Exterior,Rejected,1785.45,0.0,24.0
CLAIM-00977,VEH-0218,2025-06-18,Powertrain,Approved,4476.93,4171.85,59.0
CLAIM-00978,VEH-0213,2024-06-22,Infotainment,Approved,838.8,787.34,15.0
CLAIM-00979,VEH-0503,2025-11-24,HVAC,Rejected,4478.75,0.0,39.0
CLAIM-00980,VEH-0351,2024-08-12,Body & Exterior,Approved,1881.59,1683.53,54.0
CLAIM-00981,VEH-0631,2024-11-30,Powertrain,Rejected,1204.96,0.0,28.0
CLAIM-00982,VEH-0752,2025-05-13,Infotainment,Approved,1815.04,1464.65,6.0
CLAIM-00983,VEH-0356,2023-08-06,Infotainment,Approved,2349.66,2120.08,39.0
CLAIM-00984,VEH-0398,2025-08-13,HVAC,Rejected,691.89,0.0,52.0
CLAIM-00985,VEH-0943,2025-01-07,Electrical,Pending,1079.53,,
CLAIM-00986,VEH-0274,2024-08-02,Brakes,Approved,710.94,625.12,42.0
CLAIM-00987,VEH-0622,2025-12-27,Powertrain,Pending,4904.37,,
CLAIM-00988,VEH-0931,2025-12-27,Powertrain,Rejected,3197.39,0.0,46.0
CLAIM-00989,VEH-0527,2025-02-28,Body & Exterior,Pending,2515.68,,
CLAIM-00990,VEH-0743,2025-09-23,HVAC,Pending,3834.02,,
CLAIM-00991,VEH-0749,2025-06-19,Brakes,Rejected,2444.53,0.0,29.0
CLAIM-00992,VEH-0009,2025-11-26,Powertrain,Approved,811.23,807.93,45.0
CLAIM-00993,VEH-0492,2025-07-09,Electrical,Approved,890.79,839.49,41.0
CLAIM-00994,VEH-0918,2023-08-20,Powertrain,Rejected,1530.98,0.0,23.0
CLAIM-00995,VEH-0363,2025-01-01,Body & Exterior,Rejected,3358.52,0.0,41.0
CLAIM-00996,VEH-0257,2025-06-20,Infotainment,Approved,4795.94,4225.25,12.0
CLAIM-00997,VEH-0335,2025-11-13,Brakes,Pending,4965.22,,
CLAIM-00998,VEH-0826,2025-07-06,Body & Exterior,Approved,341.61,299.91,51.0
CLAIM-00999,VEH-0634,2024-11-01,Body & Exterior,Pending,1298.75,,
CLAIM-01000,VEH-0544,2025-06-16,Infotainment,Approved,1430.62,1340.11,18.0
CLAIM-01001,VEH-0638,2024-06-04,Body & Exterior,Pending,130.93,,
CLAIM-01002,VEH-0225,2024-03-21,Electrical,Approved,2838.56,2443.94,42.0
CLAIM-01003,VEH-0806,2025-07-16,Powertrain,Approved,166.41,155.09,50.0
CLAIM-01004,VEH-0487,2024-08-12,Brakes,Approved,3339.38,3011.26,43.0
CLAIM-01005,VEH-0996,2024-10-09,Brakes,Approved,4158.04,3720.22,25.0
CLAIM-01006,VEH-0616,2024-12-30,Brakes,Approved,1456.56,1303.95,21.0
CLAIM-01007,VEH-0225,2024-01-16,Body & Exterior,Approved,4016.48,3965.7,5.0
CLAIM-01008,VEH-0550,2025-09-19,Electrical,Approved,4889.03,4172.95,37.0
CLAIM-01009,VEH-0144,2025-12-10,Infotainment,Pending,1776.88,,
CLAIM-01010,VEH-0103,2024-08-17,Body & Exterior,Approved,4673.39,3824.07,25.0
CLAIM-01011,VEH-0294,2025-07-03,Powertrain,Approved,2309.21,2076.74,4.0
CLAIM-01012,VEH-0042,2025-10-27,Electrical,Pending,4074.9,,
CLAIM-01013,VEH-0975,2025-12-21,Electrical,Approved,4884.33,4558.7,40.0
CLAIM-01014,VEH-0657,2025-12-13,Powertrain,Approved,766.18,714.33,20.0
CLAIM-01015,VEH-0807,2023-07-30,Body & Exterior,Pending,2900.71,,
CLAIM-01016,VEH-0882,2025-02-02,Infotainment,Pending,3139.49,,
CLAIM-01017,VEH-0557,2025-09-07,HVAC,Approved,2324.13,1876.19,31.0
CLAIM-01018,VEH-0435,2025-03-19,Powertrain,Approved,2189.18,2142.42,6.0
CLAIM-01019,VEH-0891,2025-10-11,Powertrain,Rejected,3875.41,0.0,29.0
CLAIM-01020,VEH-0560,2025-06-25,Brakes,Rejected,238.76,0.0,45.0
CLAIM-01021,VEH-0512,2025-07-16,Infotainment,Pending,2720.35,,
CLAIM-01022,VEH-0191,2025-10-25,Powertrain,Approved,1826.84,1768.62,41.0
CLAIM-01023,VEH-0510,2025-11-12,Powertrain,Approved,4587.63,4305.92,8.0
CLAIM-01024,VEH-0072,2025-04-28,Brakes,Rejected,1972.93,0.0,13.0
CLAIM-01025,VEH-0525,2022-07-03,HVAC,Pending,3393.36,,
CLAIM-01026,VEH-0902,2024-05-01,Electrical,Approved,710.98,575.28,38.0
CLAIM-01027,VEH-0278,2024-09-18,Infotainment,Approved,215.24,187.22,18.0
CLAIM-01028,VEH-0984,2024-08-01,Infotainment,Approved,2334.86,2298.28,1.0
CLAIM-01029,VEH-0283,2023-01-25,Infotainment,Approved,2162.24,1972.51,20.0
CLAIM-01030,VEH-0095,2024-03-30,Brakes,Approved,3836.32,3449.93,37.0
CLAIM-01031,VEH-0780,2024-12-28,Electrical,Approved,4624.45,4517.92,27.0
CLAIM-01032,VEH-0292,2024-07-24,Electrical,Approved,1803.04,1691.48,17.0
CLAIM-01033,VEH-0803,2025-06-23,Body & Exterior,Approved,2092.86,1822.05,15.0
CLAIM-01034,VEH-0577,2024-11-22,Brakes,Approved,2985.43,2618.89,37.0
CLAIM-01035,VEH-0687,2025-04-12,Infotainment,Rejected,4818.14,0.0,6.0
CLAIM-01036,VEH-0296,2023-11-06,Brakes,Pending,2870.62,,
CLAIM-01037,VEH-0907,2024-02-10,Electrical,Approved,1962.77,1696.26,45.0
CLAIM-01038,VEH-0482,2025-09-06,Brakes,Approved,3623.18,3028.43,8.0
CLAIM-01039,VEH-0570,2024-04-22,Infotainment,Approved,2367.1,2212.96,20.0
CLAIM-01040,VEH-0752,2025-02-04,HVAC,Pending,4281.29,,
CLAIM-01041,VEH-0549,2025-09-03,HVAC,Pending,3141.75,,
CLAIM-01042,VEH-0171,2025-08-11,Brakes,Rejected,3097.45,0.0,60.0
CLAIM-01043,VEH-0013,2024-05-15,Brakes,Approved,2229.66,1916.86,49.0
CLAIM-01044,VEH-0401,2023-12-30,Brakes,Pending,4716.27,,
CLAIM-01045,VEH-0104,2025-08-11,Brakes,Approved,1361.25,1108.87,40.0
CLAIM-01046,VEH-0467,2024-06-17,HVAC,Approved,4647.21,4265.29,16.0
CLAIM-01047,VEH-0275,2025-09-22,Brakes,Rejected,4302.85,0.0,38.0
CLAIM-01048,VEH-0183,2025-04-08,Infotainment,Approved,2917.11,2491.0,17.0
CLAIM-01049,VEH-0835,2024-06-02,HVAC,Approved,3412.51,3178.67,11.0
CLAIM-01050,VEH-0082,2023-08-11,Powertrain,Approved,3007.27,2706.85,39.0
CLAIM-01051,VEH-0632,2025-08-26,HVAC,Rejected,1170.78,0.0,43.0
CLAIM-01052,VEH-0429,2025-10-29,HVAC,Rejected,4423.45,0.0,55.0
CLAIM-01053,VEH-0328,2024-06-20,HVAC,Approved,872.7,867.0,29.0
CLAIM-01054,VEH-0140,2024-02-24,Electrical,Approved,949.35,922.85,31.0
CLAIM-01055,VEH-0500,2024-04-28,Brakes,Approved,4272.97,3715.56,41.0
CLAIM-01056,VEH-0708,2025-04-25,Powertrain,Approved,2415.83,2215.61,3.0
CLAIM-01057,VEH-0692,2023-11-24,Brakes,Approved,1578.68,1441.87,25.0
CLAIM-01058,VEH-0478,2023-12-16,Electrical,Approved,3093.6,2825.43,10.0
CLAIM-01059,VEH-0933,2024-08-04,Infotainment,Approved,3916.05,3292.65,22.0
CLAIM-01060,VEH-0782,2025-10-22,Infotainment,Approved,1845.57,1737.41,13.0
CLAIM-01061,VEH-0489,2024-02-17,Electrical,Approved,3177.22,3075.28,36.0
CLAIM-01062,VEH-0767,2025-05-21,HVAC,Pending,486.52,,
CLAIM-01063,VEH-0037,2025-10-30,HVAC,Approved,437.04,411.33,20.0
CLAIM-01064,VEH-0543,2024-01-29,Electrical,Approved,1703.55,1495.0,5.0
CLAIM-01065,VEH-0512,2024-07-19,Electrical,Pending,2798.58,,
CLAIM-01066,VEH-0314,2024-04-14,Powertrain,Approved,999.48,965.26,60.0
CLAIM-01067,VEH-0846,2025-11-17,Powertrain,Rejected,264.08,0.0,13.0
CLAIM-01068,VEH-0886,2025-01-15,Body & Exterior,Approved,997.25,878.89,7.0
CLAIM-01069,VEH-0676,2024-06-02,Infotainment,Approved,3350.1,3158.61,33.0
CLAIM-01070,VEH-0753,2025-03-24,Electrical,Rejected,2747.33,0.0,3.0
CLAIM-01071,VEH-0605,2025-11-01,Body & Exterior,Rejected,4944.03,0.0,21.0
CLAIM-01072,VEH-0876,2025-12-20,Brakes,Rejected,790.25,0.0,25.0
CLAIM-01073,VEH-0021,2025-11-01,Body & Exterior,Approved,345.6,337.73,6.0
CLAIM-01074,VEH-0186,2025-12-20,Brakes,Rejected,2487.75,0.0,5.0
CLAIM-01075,VEH-0286,2025-08-18,Brakes,Approved,4968.38,4274.89,4.0
CLAIM-01076,VEH-0838,2025-10-04,Electrical,Approved,3990.3,3858.39,11.0
CLAIM-01077,VEH-0856,2025-07-01,Brakes,Pending,3086.56,,
CLAIM-01078,VEH-0017,2025-01-25,Body & Exterior,Approved,987.75,938.68,56.0
CLAIM-01079,VEH-0524,2024-12-23,HVAC,Approved,754.04,753.14,51.0
CLAIM-01080,VEH-0173,2025-06-04,HVAC,Approved,179.58,155.52,7.0
CLAIM-01081,VEH-0493,2024-12-17,Powertrain,Approved,148.81,119.7,17.0
CLAIM-01082,VEH-0576,2025-09-28,Body & Exterior,Approved,431.83,405.25,58.0
CLAIM-01083,VEH-0649,2025-03-14,Electrical,Rejected,1889.48,0.0,29.0
CLAIM-01084,VEH-0438,2025-10-09,Brakes,Approved,3901.94,3597.33,49.0
CLAIM-01085,VEH-0340,2025-06-25,Brakes,Approved,4503.36,3653.73,42.0
CLAIM-01086,VEH-0009,2024-10-30,Powertrain,Approved,483.39,474.06,48.0
CLAIM-01087,VEH-0271,2025-11-26,Powertrain,Approved,1365.74,1225.79,2.0
CLAIM-01088,VEH-0765,2025-08-21,Electrical,Approved,4597.71,4406.82,9.0
CLAIM-01089,VEH-0038,2025-01-03,HVAC,Approved,433.7,431.29,52.0
CLAIM-01090,VEH-0468,2025-12-07,Electrical,Rejected,4594.63,0.0,6.0
CLAIM-01091,VEH-0353,2025-07-18,Body & Exterior,Rejected,4792.3,0.0,52.0
CLAIM-01092,VEH-0592,2024-04-10,Body & Exterior,Approved,4417.29,3585.51,27.0
CLAIM-01093,VEH-0148,2024-07-20,Body & Exterior,Rejected,2777.68,0.0,50.0
CLAIM-01094,VEH-0062,2025-04-04,Body & Exterior,Pending,2433.81,,
CLAIM-01095,VEH-0350,2025-11-06,HVAC,Approved,4141.72,3656.24,51.0
CLAIM-01096,VEH-0191,2025-09-06,Brakes,Pending,996.1,,
CLAIM-01097,VEH-0406,2023-12-20,Infotainment,Approved,3235.11,2735.21,10.0
CLAIM-01098,VEH-0782,2025-09-16,Brakes,Rejected,3181.72,0.0,33.0
CLAIM-01099,VEH-0541,2025-12-04,Brakes,Pending,981.41,,
CLAIM-01100,VEH-0695,2025-06-12,Brakes,Approved,4783.35,4574.74,25.0
CLAIM-01101,VEH-0908,2025-05-27,Brakes,Rejected,1480.56,0.0,59.0
CLAIM-01102,VEH-0500,2025-05-02,Powertrain,Rejected,822.42,0.0,32.0
CLAIM-01103,VEH-0741,2024-07-22,Electrical,Rejected,2311.71,0.0,51.0
CLAIM-01104,VEH-0054,2023-11-06,Electrical,Approved,514.23,512.1,34.0
CLAIM-01105,VEH-0656,2025-04-30,Body & Exterior,Pending,305.62,,
CLAIM-01106,VEH-0761,2025-09-22,Body & Exterior,Pending,2808.71,,
CLAIM-01107,VEH-0740,2025-11-03,Electrical,Approved,4590.02,4567.99,30.0
CLAIM-01108,VEH-0319,2022-08-06,Body & Exterior,Pending,2475.18,,
CLAIM-01109,VEH-0612,2024-03-09,HVAC,Rejected,4669.41,0.0,10.0
CLAIM-01110,VEH-0628,2025-07-15,Body & Exterior,Approved,4860.96,4488.85,23.0
CLAIM-01111,VEH-0731,2023-12-16,Electrical,Approved,3702.57,3626.59,32.0
CLAIM-01112,VEH-0079,2024-04-18,Infotainment,Approved,796.31,715.44,48.0
CLAIM-01113,VEH-0326,2024-08-09,Electrical,Approved,2832.03,2368.59,24.0
CLAIM-01114,VEH-0957,2024-06-07,Body & Exterior,Approved,653.64,545.94,21.0
CLAIM-01115,VEH-0913,2024-12-13,Powertrain,Approved,3265.64,3167.67,59.0
CLAIM-01116,VEH-0318,2024-02-12,HVAC,Rejected,107.39,0.0,53.0
CLAIM-01117,VEH-0957,2024-03-03,Electrical,Approved,1520.49,1308.24,20.0
CLAIM-01118,VEH-0047,2024-11-08,HVAC,Pending,2545.57,,
CLAIM-01119,VEH-0307,2025-08-22,Infotainment,Pending,157.54,,
CLAIM-01120,VEH-0366,2024-01-10,Brakes,Pending,150.59,,
CLAIM-01121,VEH-0362,2025-07-01,Body & Exterior,Rejected,3853.18,0.0,23.0
CLAIM-01122,VEH-0031,2024-06-16,Powertrain,Rejected,4387.28,0.0,51.0
CLAIM-01123,VEH-0444,2025-09-06,Infotainment,Approved,3157.18,3096.42,28.0
CLAIM-01124,VEH-0923,2025-02-12,Infotainment,Approved,4400.48,4172.61,15.0
CLAIM-01125,VEH-0439,2025-04-03,Powertrain,Approved,4614.28,4129.01,11.0
CLAIM-01126,VEH-0126,2024-07-28,Infotainment,Approved,185.93,151.74,23.0
CLAIM-01127,VEH-0247,2025-12-09,Body & Exterior,Approved,4066.65,3362.16,24.0
CLAIM-01128,VEH-0779,2025-10-15,HVAC,Rejected,872.57,0.0,19.0
CLAIM-01129,VEH-0253,2024-10-14,Infotainment,Approved,4627.9,4586.3,14.0
CLAIM-01130,VEH-0874,2025-07-14,Body & Exterior,Approved,1656.96,1576.58,38.0
CLAIM-01131,VEH-0175,2025-06-17,Powertrain,Approved,1297.38,1211.33,42.0
CLAIM-01132,VEH-0309,2024-05-14,Powertrain,Approved,3149.87,2706.78,3.0
CLAIM-01133,VEH-0544,2025-11-25,HVAC,Approved,1742.6,1484.42,2.0
CLAIM-01134,VEH-0539,2025-09-25,Body & Exterior,Approved,1103.34,906.28,35.0
CLAIM-01135,VEH-0251,2022-09-07,Powertrain,Approved,2912.09,2825.7,46.0
CLAIM-01136,VEH-0129,2025-04-21,Powertrain,Approved,3247.59,2712.89,7.0
CLAIM-01137,VEH-0787,2023-09-12,Brakes,Rejected,1923.35,0.0,33.0
CLAIM-01138,VEH-0946,2025-04-27,Brakes,Pending,652.0,,
CLAIM-01139,VEH-0943,2025-07-20,Infotainment,Approved,2233.66,1973.29,26.0
CLAIM-01140,VEH-0758,2025-03-28,HVAC,Pending,609.51,,
CLAIM-01141,VEH-0273,2025-06-24,Infotainment,Approved,1384.5,1256.36,20.0
CLAIM-01142,VEH-0318,2024-09-25,Body & Exterior,Rejected,4202.14,0.0,1.0
CLAIM-01143,VEH-0756,2023-12-17,HVAC,Rejected,970.54,0.0,59.0
CLAIM-01144,VEH-0471,2025-05-18,Brakes,Approved,2669.65,2266.29,34.0
CLAIM-01145,VEH-0345,2024-11-28,Body & Exterior,Rejected,4802.84,0.0,26.0
CLAIM-01146,VEH-0177,2025-07-15,Brakes,Pending,2056.55,,
CLAIM-01147,VEH-0414,2025-12-15,Body & Exterior,Rejected,3019.39,0.0,9.0
CLAIM-01148,VEH-0783,2024-06-26,Body & Exterior,Approved,983.43,906.82,60.0
CLAIM-01149,VEH-0294,2025-10-26,Powertrain,Pending,977.32,,
CLAIM-01150,VEH-0025,2025-06-13,Powertrain,Approved,3481.87,2817.16,40.0
CLAIM-01151,VEH-0273,2025-07-30,Body & Exterior,Approved,3999.6,3289.89,32.0
CLAIM-01152,VEH-0688,2025-04-19,Body & Exterior,Pending,2884.92,,
CLAIM-01153,VEH-0899,2025-08-09,Infotainment,Approved,4327.23,3848.22,38.0
CLAIM-01154,VEH-0997,2025-08-24,HVAC,Approved,3103.53,2839.96,7.0
CLAIM-01155,VEH-0704,2025-11-03,HVAC,Approved,3521.71,2895.48,2.0
CLAIM-01156,VEH-0837,2023-06-02,Body & Exterior,Approved,2216.76,1955.1,45.0
CLAIM-01157,VEH-0245,2023-06-26,Brakes,Rejected,405.7,0.0,60.0
CLAIM-01158,VEH-0777,2024-10-24,Powertrain,Rejected,2742.28,0.0,35.0
CLAIM-01159,VEH-0945,2025-06-30,Electrical,Approved,572.17,494.56,21.0
CLAIM-01160,VEH-0131,2025-07-14,Powertrain,Approved,1296.93,1174.88,36.0
CLAIM-01161,VEH-0187,2025-03-16,Powertrain,Pending,2810.44,,
CLAIM-01162,VEH-0815,2025-08-01,Body & Exterior,Pending,3118.13,,
CLAIM-01163,VEH-0799,2025-08-06,Infotainment,Approved,3096.18,2513.88,35.0
CLAIM-01164,VEH-0914,2025-10-12,Powertrain,Approved,4130.91,3929.56,55.0
CLAIM-01165,VEH-0601,2025-02-12,HVAC,Approved,2823.47,2761.09,40.0
CLAIM-01166,VEH-0291,2025-07-14,Powertrain,Rejected,4425.54,0.0,14.0
CLAIM-01167,VEH-0935,2025-07-19,Body & Exterior,Approved,3760.22,3388.45,8.0
CLAIM-01168,VEH-0721,2025-11-05,Infotainment,Pending,4573.95,,
CLAIM-01169,VEH-0928,2023-12-07,Brakes,Approved,613.3,543.88,50.0
CLAIM-01170,VEH-0661,2023-06-27,HVAC,Approved,464.49,386.0,51.0
CLAIM-01171,VEH-0965,2025-03-19,Electrical,Approved,1205.48,1111.16,44.0
CLAIM-01172,VEH-0403,2025-08-12,Powertrain,Pending,3682.34,,
CLAIM-01173,VEH-0454,2025-07-16,HVAC,Pending,2359.32,,
CLAIM-01174,VEH-0159,2025-01-26,Body & Exterior,Approved,1694.3,1673.26,45.0
CLAIM-01175,VEH-0809,2025-06-24,Electrical,Approved,4488.7,4033.55,42.0
CLAIM-01176,VEH-0105,2025-08-13,HVAC,Approved,3182.83,2781.94,11.0
CLAIM-01177,VEH-0308,2024-08-24,HVAC,Rejected,4678.23,0.0,7.0
CLAIM-01178,VEH-0177,2025-12-09,Electrical,Rejected,1405.37,0.0,40.0
CLAIM-01179,VEH-0952,2024-06-16,Infotainment,Approved,2278.51,2009.53,59.0
CLAIM-01180,VEH-0963,2025-06-07,HVAC,Rejected,1826.48,0.0,27.0
CLAIM-01181,VEH-0429,2025-10-30,Brakes,Rejected,2750.99,0.0,23.0
CLAIM-01182,VEH-0102,2025-11-05,Body & Exterior,Approved,3698.68,2971.25,53.0
CLAIM-01183,VEH-0924,2025-12-08,Infotainment,Approved,2014.87,1760.45,35.0
CLAIM-01184,VEH-0752,2025-04-21,Brakes,Rejected,3097.01,0.0,37.0
CLAIM-01185,VEH-0291,2024-09-19,HVAC,Approved,2296.27,1978.49,38.0
CLAIM-01186,VEH-0562,2025-09-09,Brakes,Pending,896.29,,
CLAIM-01187,VEH-1000,2024-05-16,Body & Exterior,Rejected,3388.7,0.0,41.0
CLAIM-01188,VEH-0470,2023-11-04,Powertrain,Rejected,3717.05,0.0,38.0
CLAIM-01189,VEH-0385,2025-12-06,Body & Exterior,Rejected,2280.75,0.0,31.0
CLAIM-01190,VEH-0121,2025-01-27,HVAC,Rejected,2118.83,0.0,20.0
CLAIM-01191,VEH-0707,2024-10-12,Infotainment,Rejected,2913.06,0.0,32.0
CLAIM-01192,VEH-0675,2025-04-29,Brakes,Approved,2810.9,2583.38,44.0
CLAIM-01193,VEH-0585,2025-08-16,HVAC,Approved,2839.83,2661.25,19.0
CLAIM-01194,VEH-0856,2025-09-01,HVAC,Approved,4772.68,4002.89,52.0
CLAIM-01195,VEH-0016,2025-12-27,Infotainment,Pending,651.47,,
CLAIM-01196,VEH-0999,2024-12-09,Brakes,Approved,2345.84,2319.44,14.0
CLAIM-01197,VEH-0617,2025-01-27,HVAC,Rejected,2728.53,0.0,7.0
CLAIM-01198,VEH-0258,2025-06-07,Brakes,Approved,2962.97,2386.94,21.0
CLAIM-01199,VEH-0559,2023-06-03,Body & Exterior,Rejected,916.66,0.0,33.0
CLAIM-01200,VEH-0967,2025-10-08,Electrical,Approved,148.57,147.53,54.0
